2026-03-14T21:47:22.317Z [INFO] [Lingo.dev] 📥 Received: GET /
2026-03-14T21:47:22.323Z [INFO] [Lingo.dev] 🔄 Processing: GET /
2026-03-14T21:47:22.327Z [DEBUG] [Lingo.dev] GET /
2026-03-14T21:47:22.677Z [INFO] [Lingo.dev] 📥 Received: GET /favicon.ico
2026-03-14T21:47:22.679Z [INFO] [Lingo.dev] 🔄 Processing: GET /favicon.ico
2026-03-14T21:47:22.685Z [DEBUG] [Lingo.dev] GET /favicon.ico
2026-03-14T21:47:38.142Z [INFO] [Lingo.dev] 📥 Received: OPTIONS /translations/en
2026-03-14T21:47:39.370Z [INFO] [Lingo.dev] 🔄 Processing: OPTIONS /translations/en
2026-03-14T21:47:39.464Z [DEBUG] [Lingo.dev] OPTIONS /translations/en
2026-03-14T21:47:39.511Z [INFO] [Lingo.dev] 📥 Received: POST /translations/en
2026-03-14T21:47:45.065Z [INFO] [Lingo.dev] 🔄 Processing: POST /translations/en
2026-03-14T21:47:45.072Z [DEBUG] [Lingo.dev] POST /translations/en
2026-03-14T21:47:45.116Z [DEBUG] [Lingo.dev] Reading request body...
2026-03-14T21:47:45.123Z [DEBUG] [Lingo.dev] Chunk read, body: {"hashes":["77ab38435db9","2294209e28e1","425008df0230","0f33042ae1c1","57697fde38d6","b30debe1774f","7ce12b7afdac","2b558d5fca0c","be2e07ff18a1","eaacdf8777f1","40fa9a830ba7","2fe11bb06f5c","12f52b8082a5","5cd33c6765b0","cce6ff48e14c","158f4d02301c","e20904613057","5ef73d1d1f3f","c5ba4598e453","60e9eb16e116","6d7f27752a73","60a6cef33e66","d8961c2c9645","973f8f1f8c1c","b4b94a55dcb7","6f2e3b1bb865","22b561dca2a6","460a9fbe420c","9325bf3b3b3c","a6dd0e3e99da","3364405965dd","079f07eff90d","18c89c6650df","3ac6a6283b61","abe0fd658e46","83dcc61fb15e","57a29ea82eab","fbe246d94be1","3501a117ff03","82709234f3ae","30f1bceedef9","0c00981b7fcc","5a8dd269586d","39ef34061607","c502f4c87c2f","1b9aac5c2a01","df8f13518f35","47a82d15c1b5","2dbbb34ae9c4","a352cdce61ee","9c2bd6cf6188","e5ecc1e5dfc8","fab3a8a33440","a2964267afa4","7b4688178ef5"]}
2026-03-14T21:47:45.138Z [DEBUG] [Lingo.dev] Parsed hashes: 77ab38435db9,2294209e28e1,425008df0230,0f33042ae1c1,57697fde38d6,b30debe1774f,7ce12b7afdac,2b558d5fca0c,be2e07ff18a1,eaacdf8777f1,40fa9a830ba7,2fe11bb06f5c,12f52b8082a5,5cd33c6765b0,cce6ff48e14c,158f4d02301c,e20904613057,5ef73d1d1f3f,c5ba4598e453,60e9eb16e116,6d7f27752a73,60a6cef33e66,d8961c2c9645,973f8f1f8c1c,b4b94a55dcb7,6f2e3b1bb865,22b561dca2a6,460a9fbe420c,9325bf3b3b3c,a6dd0e3e99da,3364405965dd,079f07eff90d,18c89c6650df,3ac6a6283b61,abe0fd658e46,83dcc61fb15e,57a29ea82eab,fbe246d94be1,3501a117ff03,82709234f3ae,30f1bceedef9,0c00981b7fcc,5a8dd269586d,39ef34061607,c502f4c87c2f,1b9aac5c2a01,df8f13518f35,47a82d15c1b5,2dbbb34ae9c4,a352cdce61ee,9c2bd6cf6188,e5ecc1e5dfc8,fab3a8a33440,a2964267afa4,7b4688178ef5
2026-03-14T21:47:45.202Z [DEBUG] [Lingo.dev] Reloaded metadata: 55 entries
2026-03-14T21:47:45.243Z [INFO] [Lingo.dev] 🔄 Translating 55 hashes to en
2026-03-14T21:47:45.276Z [DEBUG] [Lingo.dev] 🔄 Hashes: 77ab38435db9, 2294209e28e1, 425008df0230, 0f33042ae1c1, 57697fde38d6, b30debe1774f, 7ce12b7afdac, 2b558d5fca0c, be2e07ff18a1, eaacdf8777f1, 40fa9a830ba7, 2fe11bb06f5c, 12f52b8082a5, 5cd33c6765b0, cce6ff48e14c, 158f4d02301c, e20904613057, 5ef73d1d1f3f, c5ba4598e453, 60e9eb16e116, 6d7f27752a73, 60a6cef33e66, d8961c2c9645, 973f8f1f8c1c, b4b94a55dcb7, 6f2e3b1bb865, 22b561dca2a6, 460a9fbe420c, 9325bf3b3b3c, a6dd0e3e99da, 3364405965dd, 079f07eff90d, 18c89c6650df, 3ac6a6283b61, abe0fd658e46, 83dcc61fb15e, 57a29ea82eab, fbe246d94be1, 3501a117ff03, 82709234f3ae, 30f1bceedef9, 0c00981b7fcc, 5a8dd269586d, 39ef34061607, c502f4c87c2f, 1b9aac5c2a01, df8f13518f35, 47a82d15c1b5, 2dbbb34ae9c4, a352cdce61ee, 9c2bd6cf6188, e5ecc1e5dfc8, fab3a8a33440, a2964267afa4, 7b4688178ef5
2026-03-14T21:47:45.296Z [DEBUG] [Lingo.dev] [BUSY] Server is now busy (1 active)
2026-03-14T21:47:45.320Z [DEBUG] [Lingo.dev] WebSocket client connected. Total clients: 1
2026-03-14T21:47:45.341Z [DEBUG] [Lingo.dev] [IDLE] Server is now idle
2026-03-14T21:48:54.434Z [INFO] [Lingo.dev] Port 60000 is available, starting new server...
2026-03-14T21:48:55.017Z [INFO] [Lingo.dev] 🔧 Initializing translator...
2026-03-14T21:48:55.030Z [DEBUG] [Lingo.dev] Starting translation server on port 60000
2026-03-14T21:48:55.032Z [INFO] [Lingo.dev] Translation server listening on http://127.0.0.1:60000
2026-03-14T21:48:55.032Z [INFO] [Lingo.dev] WebSocket server initialized
2026-03-14T21:48:55.033Z [DEBUG] [Lingo.dev] WebSocket client connected. Total clients: 1
2026-03-14T21:48:58.352Z [DEBUG] [Lingo.dev] WebSocket client disconnected. Total clients: 0
2026-03-14T21:49:03.287Z [INFO] [Lingo.dev] 📥 Received: OPTIONS /translations/en
2026-03-14T21:49:03.843Z [INFO] [Lingo.dev] 🔄 Processing: OPTIONS /translations/en
2026-03-14T21:49:03.912Z [DEBUG] [Lingo.dev] OPTIONS /translations/en
2026-03-14T21:49:03.983Z [INFO] [Lingo.dev] 📥 Received: POST /translations/en
2026-03-14T21:49:04.182Z [INFO] [Lingo.dev] 🔄 Processing: POST /translations/en
2026-03-14T21:49:04.430Z [DEBUG] [Lingo.dev] POST /translations/en
2026-03-14T21:49:04.605Z [DEBUG] [Lingo.dev] Reading request body...
2026-03-14T21:49:04.748Z [DEBUG] [Lingo.dev] Chunk read, body: {"hashes":["77ab38435db9","2294209e28e1","425008df0230","0f33042ae1c1","57697fde38d6","b30debe1774f","7ce12b7afdac","2b558d5fca0c","be2e07ff18a1","eaacdf8777f1","40fa9a830ba7","2fe11bb06f5c","12f52b8082a5","5cd33c6765b0","cce6ff48e14c","158f4d02301c","e20904613057","5ef73d1d1f3f","c5ba4598e453","60e9eb16e116","6d7f27752a73","60a6cef33e66","d8961c2c9645","973f8f1f8c1c","b4b94a55dcb7","6f2e3b1bb865","22b561dca2a6","460a9fbe420c","9325bf3b3b3c","a6dd0e3e99da","3364405965dd","079f07eff90d","18c89c6650df","3ac6a6283b61","abe0fd658e46","83dcc61fb15e","57a29ea82eab","fbe246d94be1","3501a117ff03","82709234f3ae","30f1bceedef9","0c00981b7fcc","5a8dd269586d","39ef34061607","c502f4c87c2f","1b9aac5c2a01","df8f13518f35","47a82d15c1b5","2dbbb34ae9c4","a352cdce61ee","9c2bd6cf6188","e5ecc1e5dfc8","fab3a8a33440","a2964267afa4","7b4688178ef5"]}
2026-03-14T21:49:04.905Z [DEBUG] [Lingo.dev] Parsed hashes: 77ab38435db9,2294209e28e1,425008df0230,0f33042ae1c1,57697fde38d6,b30debe1774f,7ce12b7afdac,2b558d5fca0c,be2e07ff18a1,eaacdf8777f1,40fa9a830ba7,2fe11bb06f5c,12f52b8082a5,5cd33c6765b0,cce6ff48e14c,158f4d02301c,e20904613057,5ef73d1d1f3f,c5ba4598e453,60e9eb16e116,6d7f27752a73,60a6cef33e66,d8961c2c9645,973f8f1f8c1c,b4b94a55dcb7,6f2e3b1bb865,22b561dca2a6,460a9fbe420c,9325bf3b3b3c,a6dd0e3e99da,3364405965dd,079f07eff90d,18c89c6650df,3ac6a6283b61,abe0fd658e46,83dcc61fb15e,57a29ea82eab,fbe246d94be1,3501a117ff03,82709234f3ae,30f1bceedef9,0c00981b7fcc,5a8dd269586d,39ef34061607,c502f4c87c2f,1b9aac5c2a01,df8f13518f35,47a82d15c1b5,2dbbb34ae9c4,a352cdce61ee,9c2bd6cf6188,e5ecc1e5dfc8,fab3a8a33440,a2964267afa4,7b4688178ef5
2026-03-14T21:49:04.977Z [DEBUG] [Lingo.dev] Reloaded metadata: 0 entries
2026-03-14T21:49:05.000Z [INFO] [Lingo.dev] 🔄 Translating 55 hashes to en
2026-03-14T21:49:05.051Z [DEBUG] [Lingo.dev] 🔄 Hashes: 77ab38435db9, 2294209e28e1, 425008df0230, 0f33042ae1c1, 57697fde38d6, b30debe1774f, 7ce12b7afdac, 2b558d5fca0c, be2e07ff18a1, eaacdf8777f1, 40fa9a830ba7, 2fe11bb06f5c, 12f52b8082a5, 5cd33c6765b0, cce6ff48e14c, 158f4d02301c, e20904613057, 5ef73d1d1f3f, c5ba4598e453, 60e9eb16e116, 6d7f27752a73, 60a6cef33e66, d8961c2c9645, 973f8f1f8c1c, b4b94a55dcb7, 6f2e3b1bb865, 22b561dca2a6, 460a9fbe420c, 9325bf3b3b3c, a6dd0e3e99da, 3364405965dd, 079f07eff90d, 18c89c6650df, 3ac6a6283b61, abe0fd658e46, 83dcc61fb15e, 57a29ea82eab, fbe246d94be1, 3501a117ff03, 82709234f3ae, 30f1bceedef9, 0c00981b7fcc, 5a8dd269586d, 39ef34061607, c502f4c87c2f, 1b9aac5c2a01, df8f13518f35, 47a82d15c1b5, 2dbbb34ae9c4, a352cdce61ee, 9c2bd6cf6188, e5ecc1e5dfc8, fab3a8a33440, a2964267afa4, 7b4688178ef5
2026-03-14T21:49:05.084Z [DEBUG] [Lingo.dev] [BUSY] Server is now busy (1 active)
2026-03-14T21:49:05.121Z [DEBUG] [Lingo.dev] WebSocket client connected. Total clients: 1
2026-03-14T21:49:05.212Z [DEBUG] [Lingo.dev] [IDLE] Server is now idle
2026-03-14T21:49:30.220Z [INFO] [Lingo.dev] 📥 Received: GET /
2026-03-14T21:49:30.230Z [INFO] [Lingo.dev] 🔄 Processing: GET /
2026-03-14T21:49:30.244Z [DEBUG] [Lingo.dev] GET /
2026-03-14T21:51:51.253Z [INFO] [Lingo.dev] Port 60000 is available, starting new server...
2026-03-14T21:51:53.016Z [INFO] [Lingo.dev] 🔧 Initializing translator...
2026-03-14T21:51:53.029Z [DEBUG] [Lingo.dev] Starting translation server on port 60000
2026-03-14T21:51:53.137Z [INFO] [Lingo.dev] Translation server listening on http://127.0.0.1:60000
2026-03-14T21:51:53.169Z [INFO] [Lingo.dev] WebSocket server initialized
2026-03-14T21:52:11.617Z [INFO] [Lingo.dev] Port 60000 is in use, checking if it's a translation server...
2026-03-14T21:52:13.447Z [INFO] [Lingo.dev] 📥 Received: GET /health
2026-03-14T21:52:14.115Z [INFO] [Lingo.dev] 🔄 Processing: GET /health
2026-03-14T21:52:14.242Z [DEBUG] [Lingo.dev] GET /health
2026-03-14T21:52:21.195Z [INFO] [Lingo.dev] 📥 Received: OPTIONS /translations/en
2026-03-14T21:52:22.485Z [INFO] [Lingo.dev] 🔄 Processing: OPTIONS /translations/en
2026-03-14T21:52:26.658Z [DEBUG] [Lingo.dev] OPTIONS /translations/en
2026-03-14T21:52:26.681Z [DEBUG] [Lingo.dev] WebSocket client connected. Total clients: 1
2026-03-14T21:52:26.696Z [INFO] [Lingo.dev] 📥 Received: POST /translations/en
2026-03-14T21:52:26.726Z [INFO] [Lingo.dev] 🔄 Processing: POST /translations/en
2026-03-14T21:52:26.741Z [DEBUG] [Lingo.dev] POST /translations/en
2026-03-14T21:52:26.809Z [DEBUG] [Lingo.dev] Reading request body...
2026-03-14T21:52:26.838Z [DEBUG] [Lingo.dev] Chunk read, body: {"hashes":["77ab38435db9","2294209e28e1","425008df0230","0f33042ae1c1","57697fde38d6","b30debe1774f","7ce12b7afdac","2b558d5fca0c","be2e07ff18a1","eaacdf8777f1","40fa9a830ba7","2fe11bb06f5c","12f52b8082a5","5cd33c6765b0","cce6ff48e14c","158f4d02301c","e20904613057","5ef73d1d1f3f","c5ba4598e453","60e9eb16e116","6d7f27752a73","60a6cef33e66","d8961c2c9645","973f8f1f8c1c","b4b94a55dcb7","6f2e3b1bb865","22b561dca2a6","460a9fbe420c","9325bf3b3b3c","a6dd0e3e99da","3364405965dd","079f07eff90d","18c89c6650df","3ac6a6283b61","abe0fd658e46","39d36262b975","57a29ea82eab","fbe246d94be1","3501a117ff03","82709234f3ae","30f1bceedef9","0c00981b7fcc","5a8dd269586d","39ef34061607","c502f4c87c2f","1b9aac5c2a01","df8f13518f35","47a82d15c1b5","2dbbb34ae9c4","a352cdce61ee","9c2bd6cf6188","e5ecc1e5dfc8","fab3a8a33440","a2964267afa4","7b4688178ef5"]}
2026-03-14T21:52:26.871Z [DEBUG] [Lingo.dev] Parsed hashes: 77ab38435db9,2294209e28e1,425008df0230,0f33042ae1c1,57697fde38d6,b30debe1774f,7ce12b7afdac,2b558d5fca0c,be2e07ff18a1,eaacdf8777f1,40fa9a830ba7,2fe11bb06f5c,12f52b8082a5,5cd33c6765b0,cce6ff48e14c,158f4d02301c,e20904613057,5ef73d1d1f3f,c5ba4598e453,60e9eb16e116,6d7f27752a73,60a6cef33e66,d8961c2c9645,973f8f1f8c1c,b4b94a55dcb7,6f2e3b1bb865,22b561dca2a6,460a9fbe420c,9325bf3b3b3c,a6dd0e3e99da,3364405965dd,079f07eff90d,18c89c6650df,3ac6a6283b61,abe0fd658e46,39d36262b975,57a29ea82eab,fbe246d94be1,3501a117ff03,82709234f3ae,30f1bceedef9,0c00981b7fcc,5a8dd269586d,39ef34061607,c502f4c87c2f,1b9aac5c2a01,df8f13518f35,47a82d15c1b5,2dbbb34ae9c4,a352cdce61ee,9c2bd6cf6188,e5ecc1e5dfc8,fab3a8a33440,a2964267afa4,7b4688178ef5
2026-03-14T21:52:26.910Z [DEBUG] [Lingo.dev] Reloaded metadata: 0 entries
2026-03-14T21:52:26.947Z [INFO] [Lingo.dev] 🔄 Translating 55 hashes to en
2026-03-14T21:52:26.981Z [DEBUG] [Lingo.dev] 🔄 Hashes: 77ab38435db9, 2294209e28e1, 425008df0230, 0f33042ae1c1, 57697fde38d6, b30debe1774f, 7ce12b7afdac, 2b558d5fca0c, be2e07ff18a1, eaacdf8777f1, 40fa9a830ba7, 2fe11bb06f5c, 12f52b8082a5, 5cd33c6765b0, cce6ff48e14c, 158f4d02301c, e20904613057, 5ef73d1d1f3f, c5ba4598e453, 60e9eb16e116, 6d7f27752a73, 60a6cef33e66, d8961c2c9645, 973f8f1f8c1c, b4b94a55dcb7, 6f2e3b1bb865, 22b561dca2a6, 460a9fbe420c, 9325bf3b3b3c, a6dd0e3e99da, 3364405965dd, 079f07eff90d, 18c89c6650df, 3ac6a6283b61, abe0fd658e46, 39d36262b975, 57a29ea82eab, fbe246d94be1, 3501a117ff03, 82709234f3ae, 30f1bceedef9, 0c00981b7fcc, 5a8dd269586d, 39ef34061607, c502f4c87c2f, 1b9aac5c2a01, df8f13518f35, 47a82d15c1b5, 2dbbb34ae9c4, a352cdce61ee, 9c2bd6cf6188, e5ecc1e5dfc8, fab3a8a33440, a2964267afa4, 7b4688178ef5
2026-03-14T21:52:27.024Z [DEBUG] [Lingo.dev] [BUSY] Server is now busy (1 active)
2026-03-14T21:52:27.052Z [DEBUG] [Lingo.dev] [IDLE] Server is now idle
2026-03-14T21:52:30.445Z [DEBUG] [Lingo.dev] WebSocket client connected. Total clients: 2
2026-03-14T21:52:30.642Z [INFO] [Lingo.dev] 📥 Received: OPTIONS /translations/en
2026-03-14T21:52:30.666Z [INFO] [Lingo.dev] 🔄 Processing: OPTIONS /translations/en
2026-03-14T21:52:30.670Z [DEBUG] [Lingo.dev] OPTIONS /translations/en
2026-03-14T21:52:30.673Z [INFO] [Lingo.dev] 📥 Received: POST /translations/en
2026-03-14T21:52:30.675Z [INFO] [Lingo.dev] 🔄 Processing: POST /translations/en
2026-03-14T21:52:30.678Z [DEBUG] [Lingo.dev] POST /translations/en
2026-03-14T21:52:30.681Z [DEBUG] [Lingo.dev] Reading request body...
2026-03-14T21:52:30.691Z [DEBUG] [Lingo.dev] Chunk read, body: {"hashes":["77ab38435db9","2294209e28e1","425008df0230","0f33042ae1c1","57697fde38d6","b30debe1774f","7ce12b7afdac","2b558d5fca0c","be2e07ff18a1","eaacdf8777f1","40fa9a830ba7","2fe11bb06f5c","12f52b8082a5","5cd33c6765b0","cce6ff48e14c","158f4d02301c","e20904613057","5ef73d1d1f3f","c5ba4598e453","60e9eb16e116","6d7f27752a73","60a6cef33e66","d8961c2c9645","973f8f1f8c1c","b4b94a55dcb7","6f2e3b1bb865","22b561dca2a6","460a9fbe420c","9325bf3b3b3c","a6dd0e3e99da","3364405965dd","079f07eff90d","18c89c6650df","3ac6a6283b61","abe0fd658e46","39d36262b975","57a29ea82eab","fbe246d94be1","3501a117ff03","82709234f3ae","30f1bceedef9","0c00981b7fcc","5a8dd269586d","39ef34061607","c502f4c87c2f","1b9aac5c2a01","df8f13518f35","47a82d15c1b5","2dbbb34ae9c4","a352cdce61ee","9c2bd6cf6188","e5ecc1e5dfc8","fab3a8a33440","a2964267afa4","7b4688178ef5"]}
2026-03-14T21:52:30.700Z [DEBUG] [Lingo.dev] Parsed hashes: 77ab38435db9,2294209e28e1,425008df0230,0f33042ae1c1,57697fde38d6,b30debe1774f,7ce12b7afdac,2b558d5fca0c,be2e07ff18a1,eaacdf8777f1,40fa9a830ba7,2fe11bb06f5c,12f52b8082a5,5cd33c6765b0,cce6ff48e14c,158f4d02301c,e20904613057,5ef73d1d1f3f,c5ba4598e453,60e9eb16e116,6d7f27752a73,60a6cef33e66,d8961c2c9645,973f8f1f8c1c,b4b94a55dcb7,6f2e3b1bb865,22b561dca2a6,460a9fbe420c,9325bf3b3b3c,a6dd0e3e99da,3364405965dd,079f07eff90d,18c89c6650df,3ac6a6283b61,abe0fd658e46,39d36262b975,57a29ea82eab,fbe246d94be1,3501a117ff03,82709234f3ae,30f1bceedef9,0c00981b7fcc,5a8dd269586d,39ef34061607,c502f4c87c2f,1b9aac5c2a01,df8f13518f35,47a82d15c1b5,2dbbb34ae9c4,a352cdce61ee,9c2bd6cf6188,e5ecc1e5dfc8,fab3a8a33440,a2964267afa4,7b4688178ef5
2026-03-14T21:52:30.707Z [DEBUG] [Lingo.dev] Reloaded metadata: 0 entries
2026-03-14T21:52:30.743Z [INFO] [Lingo.dev] 🔄 Translating 55 hashes to en
2026-03-14T21:52:30.755Z [DEBUG] [Lingo.dev] 🔄 Hashes: 77ab38435db9, 2294209e28e1, 425008df0230, 0f33042ae1c1, 57697fde38d6, b30debe1774f, 7ce12b7afdac, 2b558d5fca0c, be2e07ff18a1, eaacdf8777f1, 40fa9a830ba7, 2fe11bb06f5c, 12f52b8082a5, 5cd33c6765b0, cce6ff48e14c, 158f4d02301c, e20904613057, 5ef73d1d1f3f, c5ba4598e453, 60e9eb16e116, 6d7f27752a73, 60a6cef33e66, d8961c2c9645, 973f8f1f8c1c, b4b94a55dcb7, 6f2e3b1bb865, 22b561dca2a6, 460a9fbe420c, 9325bf3b3b3c, a6dd0e3e99da, 3364405965dd, 079f07eff90d, 18c89c6650df, 3ac6a6283b61, abe0fd658e46, 39d36262b975, 57a29ea82eab, fbe246d94be1, 3501a117ff03, 82709234f3ae, 30f1bceedef9, 0c00981b7fcc, 5a8dd269586d, 39ef34061607, c502f4c87c2f, 1b9aac5c2a01, df8f13518f35, 47a82d15c1b5, 2dbbb34ae9c4, a352cdce61ee, 9c2bd6cf6188, e5ecc1e5dfc8, fab3a8a33440, a2964267afa4, 7b4688178ef5
2026-03-14T21:52:30.777Z [DEBUG] [Lingo.dev] [BUSY] Server is now busy (1 active)
2026-03-14T21:52:31.243Z [DEBUG] [Lingo.dev] [IDLE] Server is now idle
2026-03-14T21:54:14.467Z [INFO] [Lingo.dev] Port 60000 is available, starting new server...
2026-03-14T21:54:14.945Z [INFO] [Lingo.dev] 🔧 Initializing translator...
2026-03-14T21:54:14.961Z [DEBUG] [Lingo.dev] Starting translation server on port 60000
2026-03-14T21:54:14.963Z [INFO] [Lingo.dev] Translation server listening on http://127.0.0.1:60000
2026-03-14T21:54:14.964Z [INFO] [Lingo.dev] WebSocket server initialized
2026-03-14T21:54:39.832Z [DEBUG] [Lingo.dev] WebSocket client connected. Total clients: 1
2026-03-14T21:54:41.442Z [INFO] [Lingo.dev] 📥 Received: OPTIONS /translations/en
2026-03-14T21:54:41.638Z [INFO] [Lingo.dev] 🔄 Processing: OPTIONS /translations/en
2026-03-14T21:54:41.647Z [DEBUG] [Lingo.dev] OPTIONS /translations/en
2026-03-14T21:54:41.659Z [INFO] [Lingo.dev] 📥 Received: POST /translations/en
2026-03-14T21:54:41.664Z [INFO] [Lingo.dev] 🔄 Processing: POST /translations/en
2026-03-14T21:54:41.694Z [DEBUG] [Lingo.dev] POST /translations/en
2026-03-14T21:54:41.721Z [DEBUG] [Lingo.dev] Reading request body...
2026-03-14T21:54:41.774Z [DEBUG] [Lingo.dev] Chunk read, body: {"hashes":["77ab38435db9","2294209e28e1","425008df0230","0f33042ae1c1","57697fde38d6","b30debe1774f","7ce12b7afdac","2b558d5fca0c","be2e07ff18a1","eaacdf8777f1","40fa9a830ba7","2fe11bb06f5c","12f52b8082a5","5cd33c6765b0","cce6ff48e14c","158f4d02301c","e20904613057","5ef73d1d1f3f","c5ba4598e453","60e9eb16e116","6d7f27752a73","60a6cef33e66","d8961c2c9645","973f8f1f8c1c","b4b94a55dcb7","6f2e3b1bb865","22b561dca2a6","460a9fbe420c","9325bf3b3b3c","a6dd0e3e99da","3364405965dd","079f07eff90d","18c89c6650df","3ac6a6283b61","abe0fd658e46","39d36262b975","57a29ea82eab","fbe246d94be1","3501a117ff03","82709234f3ae","30f1bceedef9","0c00981b7fcc","5a8dd269586d","39ef34061607","c502f4c87c2f","1b9aac5c2a01","df8f13518f35","47a82d15c1b5","2dbbb34ae9c4","a352cdce61ee","9c2bd6cf6188","e5ecc1e5dfc8","fab3a8a33440","a2964267afa4","7b4688178ef5"]}
2026-03-14T21:54:41.797Z [DEBUG] [Lingo.dev] Parsed hashes: 77ab38435db9,2294209e28e1,425008df0230,0f33042ae1c1,57697fde38d6,b30debe1774f,7ce12b7afdac,2b558d5fca0c,be2e07ff18a1,eaacdf8777f1,40fa9a830ba7,2fe11bb06f5c,12f52b8082a5,5cd33c6765b0,cce6ff48e14c,158f4d02301c,e20904613057,5ef73d1d1f3f,c5ba4598e453,60e9eb16e116,6d7f27752a73,60a6cef33e66,d8961c2c9645,973f8f1f8c1c,b4b94a55dcb7,6f2e3b1bb865,22b561dca2a6,460a9fbe420c,9325bf3b3b3c,a6dd0e3e99da,3364405965dd,079f07eff90d,18c89c6650df,3ac6a6283b61,abe0fd658e46,39d36262b975,57a29ea82eab,fbe246d94be1,3501a117ff03,82709234f3ae,30f1bceedef9,0c00981b7fcc,5a8dd269586d,39ef34061607,c502f4c87c2f,1b9aac5c2a01,df8f13518f35,47a82d15c1b5,2dbbb34ae9c4,a352cdce61ee,9c2bd6cf6188,e5ecc1e5dfc8,fab3a8a33440,a2964267afa4,7b4688178ef5
2026-03-14T21:54:41.829Z [DEBUG] [Lingo.dev] Reloaded metadata: 55 entries
2026-03-14T21:54:41.858Z [INFO] [Lingo.dev] 🔄 Translating 55 hashes to en
2026-03-14T21:54:41.887Z [DEBUG] [Lingo.dev] 🔄 Hashes: 77ab38435db9, 2294209e28e1, 425008df0230, 0f33042ae1c1, 57697fde38d6, b30debe1774f, 7ce12b7afdac, 2b558d5fca0c, be2e07ff18a1, eaacdf8777f1, 40fa9a830ba7, 2fe11bb06f5c, 12f52b8082a5, 5cd33c6765b0, cce6ff48e14c, 158f4d02301c, e20904613057, 5ef73d1d1f3f, c5ba4598e453, 60e9eb16e116, 6d7f27752a73, 60a6cef33e66, d8961c2c9645, 973f8f1f8c1c, b4b94a55dcb7, 6f2e3b1bb865, 22b561dca2a6, 460a9fbe420c, 9325bf3b3b3c, a6dd0e3e99da, 3364405965dd, 079f07eff90d, 18c89c6650df, 3ac6a6283b61, abe0fd658e46, 39d36262b975, 57a29ea82eab, fbe246d94be1, 3501a117ff03, 82709234f3ae, 30f1bceedef9, 0c00981b7fcc, 5a8dd269586d, 39ef34061607, c502f4c87c2f, 1b9aac5c2a01, df8f13518f35, 47a82d15c1b5, 2dbbb34ae9c4, a352cdce61ee, 9c2bd6cf6188, e5ecc1e5dfc8, fab3a8a33440, a2964267afa4, 7b4688178ef5
2026-03-14T21:54:41.922Z [DEBUG] [Lingo.dev] [BUSY] Server is now busy (1 active)
2026-03-14T21:54:42.155Z [DEBUG] [Lingo.dev] [IDLE] Server is now idle
2026-03-14T21:55:02.633Z [INFO] [Lingo.dev] 📥 Received: OPTIONS /translations/es
2026-03-14T21:55:02.887Z [INFO] [Lingo.dev] 🔄 Processing: OPTIONS /translations/es
2026-03-14T21:55:02.907Z [DEBUG] [Lingo.dev] OPTIONS /translations/es
2026-03-14T21:55:02.953Z [INFO] [Lingo.dev] 📥 Received: POST /translations/es
2026-03-14T21:55:03.001Z [INFO] [Lingo.dev] 🔄 Processing: POST /translations/es
2026-03-14T21:55:03.078Z [DEBUG] [Lingo.dev] POST /translations/es
2026-03-14T21:55:03.153Z [DEBUG] [Lingo.dev] Reading request body...
2026-03-14T21:55:03.270Z [DEBUG] [Lingo.dev] Chunk read, body: {"hashes":["77ab38435db9","2294209e28e1","425008df0230","0f33042ae1c1","57697fde38d6","b30debe1774f","7ce12b7afdac","2b558d5fca0c","be2e07ff18a1","eaacdf8777f1","40fa9a830ba7","2fe11bb06f5c","12f52b8082a5","5cd33c6765b0","cce6ff48e14c","158f4d02301c","e20904613057","5ef73d1d1f3f","c5ba4598e453","60e9eb16e116","6d7f27752a73","60a6cef33e66","d8961c2c9645","973f8f1f8c1c","b4b94a55dcb7","6f2e3b1bb865","22b561dca2a6","460a9fbe420c","9325bf3b3b3c","a6dd0e3e99da","3364405965dd","079f07eff90d","18c89c6650df","3ac6a6283b61","abe0fd658e46","39d36262b975","57a29ea82eab","fbe246d94be1","3501a117ff03","82709234f3ae","30f1bceedef9","0c00981b7fcc","5a8dd269586d","39ef34061607","c502f4c87c2f","1b9aac5c2a01","df8f13518f35","47a82d15c1b5","2dbbb34ae9c4","a352cdce61ee","9c2bd6cf6188","e5ecc1e5dfc8","fab3a8a33440","a2964267afa4","7b4688178ef5"]}
2026-03-14T21:55:03.392Z [DEBUG] [Lingo.dev] Parsed hashes: 77ab38435db9,2294209e28e1,425008df0230,0f33042ae1c1,57697fde38d6,b30debe1774f,7ce12b7afdac,2b558d5fca0c,be2e07ff18a1,eaacdf8777f1,40fa9a830ba7,2fe11bb06f5c,12f52b8082a5,5cd33c6765b0,cce6ff48e14c,158f4d02301c,e20904613057,5ef73d1d1f3f,c5ba4598e453,60e9eb16e116,6d7f27752a73,60a6cef33e66,d8961c2c9645,973f8f1f8c1c,b4b94a55dcb7,6f2e3b1bb865,22b561dca2a6,460a9fbe420c,9325bf3b3b3c,a6dd0e3e99da,3364405965dd,079f07eff90d,18c89c6650df,3ac6a6283b61,abe0fd658e46,39d36262b975,57a29ea82eab,fbe246d94be1,3501a117ff03,82709234f3ae,30f1bceedef9,0c00981b7fcc,5a8dd269586d,39ef34061607,c502f4c87c2f,1b9aac5c2a01,df8f13518f35,47a82d15c1b5,2dbbb34ae9c4,a352cdce61ee,9c2bd6cf6188,e5ecc1e5dfc8,fab3a8a33440,a2964267afa4,7b4688178ef5
2026-03-14T21:55:03.477Z [DEBUG] [Lingo.dev] Reloaded metadata: 55 entries
2026-03-14T21:55:03.565Z [INFO] [Lingo.dev] 🔄 Translating 55 hashes to es
2026-03-14T21:55:03.714Z [DEBUG] [Lingo.dev] 🔄 Hashes: 77ab38435db9, 2294209e28e1, 425008df0230, 0f33042ae1c1, 57697fde38d6, b30debe1774f, 7ce12b7afdac, 2b558d5fca0c, be2e07ff18a1, eaacdf8777f1, 40fa9a830ba7, 2fe11bb06f5c, 12f52b8082a5, 5cd33c6765b0, cce6ff48e14c, 158f4d02301c, e20904613057, 5ef73d1d1f3f, c5ba4598e453, 60e9eb16e116, 6d7f27752a73, 60a6cef33e66, d8961c2c9645, 973f8f1f8c1c, b4b94a55dcb7, 6f2e3b1bb865, 22b561dca2a6, 460a9fbe420c, 9325bf3b3b3c, a6dd0e3e99da, 3364405965dd, 079f07eff90d, 18c89c6650df, 3ac6a6283b61, abe0fd658e46, 39d36262b975, 57a29ea82eab, fbe246d94be1, 3501a117ff03, 82709234f3ae, 30f1bceedef9, 0c00981b7fcc, 5a8dd269586d, 39ef34061607, c502f4c87c2f, 1b9aac5c2a01, df8f13518f35, 47a82d15c1b5, 2dbbb34ae9c4, a352cdce61ee, 9c2bd6cf6188, e5ecc1e5dfc8, fab3a8a33440, a2964267afa4, 7b4688178ef5
2026-03-14T21:55:08.441Z [DEBUG] [Lingo.dev] [BUSY] Server is now busy (1 active)
2026-03-14T21:55:23.219Z [DEBUG] [Lingo.dev] [IDLE] Server is now idle
2026-03-14T21:55:52.580Z [INFO] [Lingo.dev] 📥 Received: OPTIONS /translations/en
2026-03-14T21:55:52.594Z [INFO] [Lingo.dev] 🔄 Processing: OPTIONS /translations/en
2026-03-14T21:55:52.661Z [DEBUG] [Lingo.dev] OPTIONS /translations/en
2026-03-14T21:55:52.691Z [INFO] [Lingo.dev] 📥 Received: POST /translations/en
2026-03-14T21:55:52.721Z [INFO] [Lingo.dev] 🔄 Processing: POST /translations/en
2026-03-14T21:55:52.802Z [DEBUG] [Lingo.dev] POST /translations/en
2026-03-14T21:55:52.850Z [DEBUG] [Lingo.dev] Reading request body...
2026-03-14T21:55:52.902Z [DEBUG] [Lingo.dev] Chunk read, body: {"hashes":["77ab38435db9","2294209e28e1","425008df0230","0f33042ae1c1","57697fde38d6","b30debe1774f","7ce12b7afdac","2b558d5fca0c","be2e07ff18a1","eaacdf8777f1","40fa9a830ba7","2fe11bb06f5c","12f52b8082a5","5cd33c6765b0","cce6ff48e14c","158f4d02301c","e20904613057","5ef73d1d1f3f","c5ba4598e453","60e9eb16e116","6d7f27752a73","60a6cef33e66","d8961c2c9645","973f8f1f8c1c","b4b94a55dcb7","6f2e3b1bb865","22b561dca2a6","460a9fbe420c","9325bf3b3b3c","a6dd0e3e99da","3364405965dd","079f07eff90d","18c89c6650df","3ac6a6283b61","abe0fd658e46","39d36262b975","57a29ea82eab","fbe246d94be1","3501a117ff03","82709234f3ae","30f1bceedef9","0c00981b7fcc","5a8dd269586d","39ef34061607","c502f4c87c2f","1b9aac5c2a01","df8f13518f35","47a82d15c1b5","2dbbb34ae9c4","a352cdce61ee","9c2bd6cf6188","e5ecc1e5dfc8","fab3a8a33440","a2964267afa4","7b4688178ef5"]}
2026-03-14T21:55:52.987Z [DEBUG] [Lingo.dev] Parsed hashes: 77ab38435db9,2294209e28e1,425008df0230,0f33042ae1c1,57697fde38d6,b30debe1774f,7ce12b7afdac,2b558d5fca0c,be2e07ff18a1,eaacdf8777f1,40fa9a830ba7,2fe11bb06f5c,12f52b8082a5,5cd33c6765b0,cce6ff48e14c,158f4d02301c,e20904613057,5ef73d1d1f3f,c5ba4598e453,60e9eb16e116,6d7f27752a73,60a6cef33e66,d8961c2c9645,973f8f1f8c1c,b4b94a55dcb7,6f2e3b1bb865,22b561dca2a6,460a9fbe420c,9325bf3b3b3c,a6dd0e3e99da,3364405965dd,079f07eff90d,18c89c6650df,3ac6a6283b61,abe0fd658e46,39d36262b975,57a29ea82eab,fbe246d94be1,3501a117ff03,82709234f3ae,30f1bceedef9,0c00981b7fcc,5a8dd269586d,39ef34061607,c502f4c87c2f,1b9aac5c2a01,df8f13518f35,47a82d15c1b5,2dbbb34ae9c4,a352cdce61ee,9c2bd6cf6188,e5ecc1e5dfc8,fab3a8a33440,a2964267afa4,7b4688178ef5
2026-03-14T21:55:53.074Z [DEBUG] [Lingo.dev] Reloaded metadata: 55 entries
2026-03-14T21:55:53.178Z [INFO] [Lingo.dev] 🔄 Translating 55 hashes to en
2026-03-14T21:55:53.238Z [DEBUG] [Lingo.dev] 🔄 Hashes: 77ab38435db9, 2294209e28e1, 425008df0230, 0f33042ae1c1, 57697fde38d6, b30debe1774f, 7ce12b7afdac, 2b558d5fca0c, be2e07ff18a1, eaacdf8777f1, 40fa9a830ba7, 2fe11bb06f5c, 12f52b8082a5, 5cd33c6765b0, cce6ff48e14c, 158f4d02301c, e20904613057, 5ef73d1d1f3f, c5ba4598e453, 60e9eb16e116, 6d7f27752a73, 60a6cef33e66, d8961c2c9645, 973f8f1f8c1c, b4b94a55dcb7, 6f2e3b1bb865, 22b561dca2a6, 460a9fbe420c, 9325bf3b3b3c, a6dd0e3e99da, 3364405965dd, 079f07eff90d, 18c89c6650df, 3ac6a6283b61, abe0fd658e46, 39d36262b975, 57a29ea82eab, fbe246d94be1, 3501a117ff03, 82709234f3ae, 30f1bceedef9, 0c00981b7fcc, 5a8dd269586d, 39ef34061607, c502f4c87c2f, 1b9aac5c2a01, df8f13518f35, 47a82d15c1b5, 2dbbb34ae9c4, a352cdce61ee, 9c2bd6cf6188, e5ecc1e5dfc8, fab3a8a33440, a2964267afa4, 7b4688178ef5
2026-03-14T21:55:53.312Z [DEBUG] [Lingo.dev] [BUSY] Server is now busy (1 active)
2026-03-14T21:55:53.421Z [DEBUG] [Lingo.dev] [IDLE] Server is now idle
2026-03-14T21:55:56.193Z [INFO] [Lingo.dev] 📥 Received: OPTIONS /translations/fr
2026-03-14T21:55:56.324Z [INFO] [Lingo.dev] 🔄 Processing: OPTIONS /translations/fr
2026-03-14T21:55:56.408Z [DEBUG] [Lingo.dev] OPTIONS /translations/fr
2026-03-14T21:55:56.440Z [INFO] [Lingo.dev] 📥 Received: POST /translations/fr
2026-03-14T21:55:56.456Z [INFO] [Lingo.dev] 🔄 Processing: POST /translations/fr
2026-03-14T21:55:56.510Z [DEBUG] [Lingo.dev] POST /translations/fr
2026-03-14T21:55:56.585Z [DEBUG] [Lingo.dev] Reading request body...
2026-03-14T21:55:56.769Z [DEBUG] [Lingo.dev] Chunk read, body: {"hashes":["77ab38435db9","2294209e28e1","425008df0230","0f33042ae1c1","57697fde38d6","b30debe1774f","7ce12b7afdac","2b558d5fca0c","be2e07ff18a1","eaacdf8777f1","40fa9a830ba7","2fe11bb06f5c","12f52b8082a5","5cd33c6765b0","cce6ff48e14c","158f4d02301c","e20904613057","5ef73d1d1f3f","c5ba4598e453","60e9eb16e116","6d7f27752a73","60a6cef33e66","d8961c2c9645","973f8f1f8c1c","b4b94a55dcb7","6f2e3b1bb865","22b561dca2a6","460a9fbe420c","9325bf3b3b3c","a6dd0e3e99da","3364405965dd","079f07eff90d","18c89c6650df","3ac6a6283b61","abe0fd658e46","39d36262b975","57a29ea82eab","fbe246d94be1","3501a117ff03","82709234f3ae","30f1bceedef9","0c00981b7fcc","5a8dd269586d","39ef34061607","c502f4c87c2f","1b9aac5c2a01","df8f13518f35","47a82d15c1b5","2dbbb34ae9c4","a352cdce61ee","9c2bd6cf6188","e5ecc1e5dfc8","fab3a8a33440","a2964267afa4","7b4688178ef5"]}
2026-03-14T21:55:56.953Z [DEBUG] [Lingo.dev] Parsed hashes: 77ab38435db9,2294209e28e1,425008df0230,0f33042ae1c1,57697fde38d6,b30debe1774f,7ce12b7afdac,2b558d5fca0c,be2e07ff18a1,eaacdf8777f1,40fa9a830ba7,2fe11bb06f5c,12f52b8082a5,5cd33c6765b0,cce6ff48e14c,158f4d02301c,e20904613057,5ef73d1d1f3f,c5ba4598e453,60e9eb16e116,6d7f27752a73,60a6cef33e66,d8961c2c9645,973f8f1f8c1c,b4b94a55dcb7,6f2e3b1bb865,22b561dca2a6,460a9fbe420c,9325bf3b3b3c,a6dd0e3e99da,3364405965dd,079f07eff90d,18c89c6650df,3ac6a6283b61,abe0fd658e46,39d36262b975,57a29ea82eab,fbe246d94be1,3501a117ff03,82709234f3ae,30f1bceedef9,0c00981b7fcc,5a8dd269586d,39ef34061607,c502f4c87c2f,1b9aac5c2a01,df8f13518f35,47a82d15c1b5,2dbbb34ae9c4,a352cdce61ee,9c2bd6cf6188,e5ecc1e5dfc8,fab3a8a33440,a2964267afa4,7b4688178ef5
2026-03-14T21:55:57.128Z [DEBUG] [Lingo.dev] Reloaded metadata: 55 entries
2026-03-14T21:55:57.239Z [INFO] [Lingo.dev] 🔄 Translating 55 hashes to fr
2026-03-14T21:55:57.323Z [DEBUG] [Lingo.dev] 🔄 Hashes: 77ab38435db9, 2294209e28e1, 425008df0230, 0f33042ae1c1, 57697fde38d6, b30debe1774f, 7ce12b7afdac, 2b558d5fca0c, be2e07ff18a1, eaacdf8777f1, 40fa9a830ba7, 2fe11bb06f5c, 12f52b8082a5, 5cd33c6765b0, cce6ff48e14c, 158f4d02301c, e20904613057, 5ef73d1d1f3f, c5ba4598e453, 60e9eb16e116, 6d7f27752a73, 60a6cef33e66, d8961c2c9645, 973f8f1f8c1c, b4b94a55dcb7, 6f2e3b1bb865, 22b561dca2a6, 460a9fbe420c, 9325bf3b3b3c, a6dd0e3e99da, 3364405965dd, 079f07eff90d, 18c89c6650df, 3ac6a6283b61, abe0fd658e46, 39d36262b975, 57a29ea82eab, fbe246d94be1, 3501a117ff03, 82709234f3ae, 30f1bceedef9, 0c00981b7fcc, 5a8dd269586d, 39ef34061607, c502f4c87c2f, 1b9aac5c2a01, df8f13518f35, 47a82d15c1b5, 2dbbb34ae9c4, a352cdce61ee, 9c2bd6cf6188, e5ecc1e5dfc8, fab3a8a33440, a2964267afa4, 7b4688178ef5
2026-03-14T21:55:57.396Z [DEBUG] [Lingo.dev] [BUSY] Server is now busy (1 active)
2026-03-14T21:56:11.411Z [DEBUG] [Lingo.dev] [IDLE] Server is now idle
2026-03-14T21:58:26.580Z [INFO] [Lingo.dev] Port 60000 is available, starting new server...
2026-03-14T21:58:27.766Z [INFO] [Lingo.dev] 🔧 Initializing translator...
2026-03-14T21:58:27.768Z [DEBUG] [Lingo.dev] Starting translation server on port 60000
2026-03-14T21:58:27.786Z [INFO] [Lingo.dev] Translation server listening on http://127.0.0.1:60000
2026-03-14T21:58:27.787Z [INFO] [Lingo.dev] WebSocket server initialized
2026-03-14T21:58:41.146Z [DEBUG] [Lingo.dev] WebSocket client connected. Total clients: 1
2026-03-14T21:58:41.283Z [INFO] [Lingo.dev] 📥 Received: OPTIONS /translations/en
2026-03-14T21:58:42.132Z [INFO] [Lingo.dev] 🔄 Processing: OPTIONS /translations/en
2026-03-14T21:58:42.240Z [DEBUG] [Lingo.dev] OPTIONS /translations/en
2026-03-14T21:58:42.263Z [INFO] [Lingo.dev] 📥 Received: POST /translations/en
2026-03-14T21:58:42.309Z [INFO] [Lingo.dev] 🔄 Processing: POST /translations/en
2026-03-14T21:58:42.346Z [DEBUG] [Lingo.dev] POST /translations/en
2026-03-14T21:58:42.364Z [DEBUG] [Lingo.dev] Reading request body...
2026-03-14T21:58:42.398Z [DEBUG] [Lingo.dev] Chunk read, body: {"hashes":["77ab38435db9","2294209e28e1","425008df0230","0f33042ae1c1","57697fde38d6","b30debe1774f","7ce12b7afdac","2b558d5fca0c","be2e07ff18a1","eaacdf8777f1","40fa9a830ba7","2fe11bb06f5c","12f52b8082a5","5cd33c6765b0","cce6ff48e14c","158f4d02301c","e20904613057","5ef73d1d1f3f","c5ba4598e453","60e9eb16e116","6d7f27752a73","60a6cef33e66","d8961c2c9645","973f8f1f8c1c","b4b94a55dcb7","6f2e3b1bb865","22b561dca2a6","460a9fbe420c","9325bf3b3b3c","a6dd0e3e99da","3364405965dd","079f07eff90d","18c89c6650df","3ac6a6283b61","abe0fd658e46","39d36262b975","57a29ea82eab","fbe246d94be1","3501a117ff03","82709234f3ae","30f1bceedef9","0c00981b7fcc","5a8dd269586d","39ef34061607","c502f4c87c2f","1b9aac5c2a01","df8f13518f35","47a82d15c1b5","2dbbb34ae9c4","a352cdce61ee","9c2bd6cf6188","e5ecc1e5dfc8","fab3a8a33440","a2964267afa4","7b4688178ef5"]}
2026-03-14T21:58:42.431Z [DEBUG] [Lingo.dev] Parsed hashes: 77ab38435db9,2294209e28e1,425008df0230,0f33042ae1c1,57697fde38d6,b30debe1774f,7ce12b7afdac,2b558d5fca0c,be2e07ff18a1,eaacdf8777f1,40fa9a830ba7,2fe11bb06f5c,12f52b8082a5,5cd33c6765b0,cce6ff48e14c,158f4d02301c,e20904613057,5ef73d1d1f3f,c5ba4598e453,60e9eb16e116,6d7f27752a73,60a6cef33e66,d8961c2c9645,973f8f1f8c1c,b4b94a55dcb7,6f2e3b1bb865,22b561dca2a6,460a9fbe420c,9325bf3b3b3c,a6dd0e3e99da,3364405965dd,079f07eff90d,18c89c6650df,3ac6a6283b61,abe0fd658e46,39d36262b975,57a29ea82eab,fbe246d94be1,3501a117ff03,82709234f3ae,30f1bceedef9,0c00981b7fcc,5a8dd269586d,39ef34061607,c502f4c87c2f,1b9aac5c2a01,df8f13518f35,47a82d15c1b5,2dbbb34ae9c4,a352cdce61ee,9c2bd6cf6188,e5ecc1e5dfc8,fab3a8a33440,a2964267afa4,7b4688178ef5
2026-03-14T21:58:42.514Z [DEBUG] [Lingo.dev] Reloaded metadata: 0 entries
2026-03-14T21:58:42.553Z [INFO] [Lingo.dev] 🔄 Translating 55 hashes to en
2026-03-14T21:58:42.601Z [DEBUG] [Lingo.dev] 🔄 Hashes: 77ab38435db9, 2294209e28e1, 425008df0230, 0f33042ae1c1, 57697fde38d6, b30debe1774f, 7ce12b7afdac, 2b558d5fca0c, be2e07ff18a1, eaacdf8777f1, 40fa9a830ba7, 2fe11bb06f5c, 12f52b8082a5, 5cd33c6765b0, cce6ff48e14c, 158f4d02301c, e20904613057, 5ef73d1d1f3f, c5ba4598e453, 60e9eb16e116, 6d7f27752a73, 60a6cef33e66, d8961c2c9645, 973f8f1f8c1c, b4b94a55dcb7, 6f2e3b1bb865, 22b561dca2a6, 460a9fbe420c, 9325bf3b3b3c, a6dd0e3e99da, 3364405965dd, 079f07eff90d, 18c89c6650df, 3ac6a6283b61, abe0fd658e46, 39d36262b975, 57a29ea82eab, fbe246d94be1, 3501a117ff03, 82709234f3ae, 30f1bceedef9, 0c00981b7fcc, 5a8dd269586d, 39ef34061607, c502f4c87c2f, 1b9aac5c2a01, df8f13518f35, 47a82d15c1b5, 2dbbb34ae9c4, a352cdce61ee, 9c2bd6cf6188, e5ecc1e5dfc8, fab3a8a33440, a2964267afa4, 7b4688178ef5
2026-03-14T21:58:42.635Z [DEBUG] [Lingo.dev] [BUSY] Server is now busy (1 active)
2026-03-14T21:58:42.700Z [DEBUG] [Lingo.dev] [IDLE] Server is now idle
2026-03-14T21:58:52.197Z [INFO] [Lingo.dev] 📥 Received: OPTIONS /translations/fr
2026-03-14T21:58:52.322Z [INFO] [Lingo.dev] 🔄 Processing: OPTIONS /translations/fr
2026-03-14T21:58:52.368Z [DEBUG] [Lingo.dev] OPTIONS /translations/fr
2026-03-14T21:58:52.444Z [INFO] [Lingo.dev] 📥 Received: POST /translations/fr
2026-03-14T21:58:52.486Z [INFO] [Lingo.dev] 🔄 Processing: POST /translations/fr
2026-03-14T21:58:52.582Z [DEBUG] [Lingo.dev] POST /translations/fr
2026-03-14T21:58:52.745Z [DEBUG] [Lingo.dev] Reading request body...
2026-03-14T21:58:52.855Z [DEBUG] [Lingo.dev] Chunk read, body: {"hashes":["77ab38435db9","2294209e28e1","425008df0230","0f33042ae1c1","57697fde38d6","b30debe1774f","7ce12b7afdac","2b558d5fca0c","be2e07ff18a1","eaacdf8777f1","40fa9a830ba7","2fe11bb06f5c","12f52b8082a5","5cd33c6765b0","cce6ff48e14c","158f4d02301c","e20904613057","5ef73d1d1f3f","c5ba4598e453","60e9eb16e116","6d7f27752a73","60a6cef33e66","d8961c2c9645","973f8f1f8c1c","b4b94a55dcb7","6f2e3b1bb865","22b561dca2a6","460a9fbe420c","9325bf3b3b3c","a6dd0e3e99da","3364405965dd","079f07eff90d","18c89c6650df","3ac6a6283b61","abe0fd658e46","39d36262b975","57a29ea82eab","fbe246d94be1","3501a117ff03","82709234f3ae","30f1bceedef9","0c00981b7fcc","5a8dd269586d","39ef34061607","c502f4c87c2f","1b9aac5c2a01","df8f13518f35","47a82d15c1b5","2dbbb34ae9c4","a352cdce61ee","9c2bd6cf6188","e5ecc1e5dfc8","fab3a8a33440","a2964267afa4","7b4688178ef5"]}
2026-03-14T21:58:53.043Z [DEBUG] [Lingo.dev] Parsed hashes: 77ab38435db9,2294209e28e1,425008df0230,0f33042ae1c1,57697fde38d6,b30debe1774f,7ce12b7afdac,2b558d5fca0c,be2e07ff18a1,eaacdf8777f1,40fa9a830ba7,2fe11bb06f5c,12f52b8082a5,5cd33c6765b0,cce6ff48e14c,158f4d02301c,e20904613057,5ef73d1d1f3f,c5ba4598e453,60e9eb16e116,6d7f27752a73,60a6cef33e66,d8961c2c9645,973f8f1f8c1c,b4b94a55dcb7,6f2e3b1bb865,22b561dca2a6,460a9fbe420c,9325bf3b3b3c,a6dd0e3e99da,3364405965dd,079f07eff90d,18c89c6650df,3ac6a6283b61,abe0fd658e46,39d36262b975,57a29ea82eab,fbe246d94be1,3501a117ff03,82709234f3ae,30f1bceedef9,0c00981b7fcc,5a8dd269586d,39ef34061607,c502f4c87c2f,1b9aac5c2a01,df8f13518f35,47a82d15c1b5,2dbbb34ae9c4,a352cdce61ee,9c2bd6cf6188,e5ecc1e5dfc8,fab3a8a33440,a2964267afa4,7b4688178ef5
2026-03-14T21:58:53.135Z [DEBUG] [Lingo.dev] Reloaded metadata: 0 entries
2026-03-14T21:58:53.240Z [INFO] [Lingo.dev] 🔄 Translating 55 hashes to fr
2026-03-14T21:58:53.341Z [DEBUG] [Lingo.dev] 🔄 Hashes: 77ab38435db9, 2294209e28e1, 425008df0230, 0f33042ae1c1, 57697fde38d6, b30debe1774f, 7ce12b7afdac, 2b558d5fca0c, be2e07ff18a1, eaacdf8777f1, 40fa9a830ba7, 2fe11bb06f5c, 12f52b8082a5, 5cd33c6765b0, cce6ff48e14c, 158f4d02301c, e20904613057, 5ef73d1d1f3f, c5ba4598e453, 60e9eb16e116, 6d7f27752a73, 60a6cef33e66, d8961c2c9645, 973f8f1f8c1c, b4b94a55dcb7, 6f2e3b1bb865, 22b561dca2a6, 460a9fbe420c, 9325bf3b3b3c, a6dd0e3e99da, 3364405965dd, 079f07eff90d, 18c89c6650df, 3ac6a6283b61, abe0fd658e46, 39d36262b975, 57a29ea82eab, fbe246d94be1, 3501a117ff03, 82709234f3ae, 30f1bceedef9, 0c00981b7fcc, 5a8dd269586d, 39ef34061607, c502f4c87c2f, 1b9aac5c2a01, df8f13518f35, 47a82d15c1b5, 2dbbb34ae9c4, a352cdce61ee, 9c2bd6cf6188, e5ecc1e5dfc8, fab3a8a33440, a2964267afa4, 7b4688178ef5
2026-03-14T21:58:53.441Z [DEBUG] [Lingo.dev] [BUSY] Server is now busy (1 active)
2026-03-14T21:58:53.533Z [DEBUG] [Lingo.dev] [IDLE] Server is now idle
2026-03-14T21:58:56.529Z [INFO] [Lingo.dev] 📥 Received: OPTIONS /translations/de
2026-03-14T21:58:56.619Z [INFO] [Lingo.dev] 🔄 Processing: OPTIONS /translations/de
2026-03-14T21:58:56.669Z [DEBUG] [Lingo.dev] OPTIONS /translations/de
2026-03-14T21:58:56.697Z [INFO] [Lingo.dev] 📥 Received: POST /translations/de
2026-03-14T21:58:56.722Z [INFO] [Lingo.dev] 🔄 Processing: POST /translations/de
2026-03-14T21:58:56.808Z [DEBUG] [Lingo.dev] POST /translations/de
2026-03-14T21:58:56.909Z [DEBUG] [Lingo.dev] Reading request body...
2026-03-14T21:58:57.082Z [DEBUG] [Lingo.dev] Chunk read, body: {"hashes":["77ab38435db9","2294209e28e1","425008df0230","0f33042ae1c1","57697fde38d6","b30debe1774f","7ce12b7afdac","2b558d5fca0c","be2e07ff18a1","eaacdf8777f1","40fa9a830ba7","2fe11bb06f5c","12f52b8082a5","5cd33c6765b0","cce6ff48e14c","158f4d02301c","e20904613057","5ef73d1d1f3f","c5ba4598e453","60e9eb16e116","6d7f27752a73","60a6cef33e66","d8961c2c9645","973f8f1f8c1c","b4b94a55dcb7","6f2e3b1bb865","22b561dca2a6","460a9fbe420c","9325bf3b3b3c","a6dd0e3e99da","3364405965dd","079f07eff90d","18c89c6650df","3ac6a6283b61","abe0fd658e46","39d36262b975","57a29ea82eab","fbe246d94be1","3501a117ff03","82709234f3ae","30f1bceedef9","0c00981b7fcc","5a8dd269586d","39ef34061607","c502f4c87c2f","1b9aac5c2a01","df8f13518f35","47a82d15c1b5","2dbbb34ae9c4","a352cdce61ee","9c2bd6cf6188","e5ecc1e5dfc8","fab3a8a33440","a2964267afa4","7b4688178ef5"]}
2026-03-14T21:58:57.224Z [DEBUG] [Lingo.dev] Parsed hashes: 77ab38435db9,2294209e28e1,425008df0230,0f33042ae1c1,57697fde38d6,b30debe1774f,7ce12b7afdac,2b558d5fca0c,be2e07ff18a1,eaacdf8777f1,40fa9a830ba7,2fe11bb06f5c,12f52b8082a5,5cd33c6765b0,cce6ff48e14c,158f4d02301c,e20904613057,5ef73d1d1f3f,c5ba4598e453,60e9eb16e116,6d7f27752a73,60a6cef33e66,d8961c2c9645,973f8f1f8c1c,b4b94a55dcb7,6f2e3b1bb865,22b561dca2a6,460a9fbe420c,9325bf3b3b3c,a6dd0e3e99da,3364405965dd,079f07eff90d,18c89c6650df,3ac6a6283b61,abe0fd658e46,39d36262b975,57a29ea82eab,fbe246d94be1,3501a117ff03,82709234f3ae,30f1bceedef9,0c00981b7fcc,5a8dd269586d,39ef34061607,c502f4c87c2f,1b9aac5c2a01,df8f13518f35,47a82d15c1b5,2dbbb34ae9c4,a352cdce61ee,9c2bd6cf6188,e5ecc1e5dfc8,fab3a8a33440,a2964267afa4,7b4688178ef5
2026-03-14T21:58:57.303Z [DEBUG] [Lingo.dev] Reloaded metadata: 0 entries
2026-03-14T21:58:57.386Z [INFO] [Lingo.dev] 🔄 Translating 55 hashes to de
2026-03-14T21:58:57.461Z [DEBUG] [Lingo.dev] 🔄 Hashes: 77ab38435db9, 2294209e28e1, 425008df0230, 0f33042ae1c1, 57697fde38d6, b30debe1774f, 7ce12b7afdac, 2b558d5fca0c, be2e07ff18a1, eaacdf8777f1, 40fa9a830ba7, 2fe11bb06f5c, 12f52b8082a5, 5cd33c6765b0, cce6ff48e14c, 158f4d02301c, e20904613057, 5ef73d1d1f3f, c5ba4598e453, 60e9eb16e116, 6d7f27752a73, 60a6cef33e66, d8961c2c9645, 973f8f1f8c1c, b4b94a55dcb7, 6f2e3b1bb865, 22b561dca2a6, 460a9fbe420c, 9325bf3b3b3c, a6dd0e3e99da, 3364405965dd, 079f07eff90d, 18c89c6650df, 3ac6a6283b61, abe0fd658e46, 39d36262b975, 57a29ea82eab, fbe246d94be1, 3501a117ff03, 82709234f3ae, 30f1bceedef9, 0c00981b7fcc, 5a8dd269586d, 39ef34061607, c502f4c87c2f, 1b9aac5c2a01, df8f13518f35, 47a82d15c1b5, 2dbbb34ae9c4, a352cdce61ee, 9c2bd6cf6188, e5ecc1e5dfc8, fab3a8a33440, a2964267afa4, 7b4688178ef5
2026-03-14T21:58:57.536Z [DEBUG] [Lingo.dev] [BUSY] Server is now busy (1 active)
2026-03-14T21:58:57.648Z [DEBUG] [Lingo.dev] [IDLE] Server is now idle
2026-03-14T21:59:59.360Z [DEBUG] [Lingo.dev] WebSocket client disconnected. Total clients: 0
2026-03-14T22:00:01.289Z [DEBUG] [Lingo.dev] WebSocket client connected. Total clients: 1
2026-03-14T22:00:01.370Z [INFO] [Lingo.dev] 📥 Received: OPTIONS /translations/en
2026-03-14T22:00:01.432Z [INFO] [Lingo.dev] 🔄 Processing: OPTIONS /translations/en
2026-03-14T22:00:01.538Z [DEBUG] [Lingo.dev] OPTIONS /translations/en
2026-03-14T22:00:01.628Z [INFO] [Lingo.dev] 📥 Received: POST /translations/en
2026-03-14T22:00:01.659Z [INFO] [Lingo.dev] 🔄 Processing: POST /translations/en
2026-03-14T22:00:01.710Z [DEBUG] [Lingo.dev] POST /translations/en
2026-03-14T22:00:01.789Z [DEBUG] [Lingo.dev] Reading request body...
2026-03-14T22:00:01.860Z [DEBUG] [Lingo.dev] Chunk read, body: {"hashes":["77ab38435db9","2294209e28e1","425008df0230","0f33042ae1c1","57697fde38d6","b30debe1774f","7ce12b7afdac","2b558d5fca0c","be2e07ff18a1","eaacdf8777f1","40fa9a830ba7","2fe11bb06f5c","12f52b8082a5","5cd33c6765b0","cce6ff48e14c","158f4d02301c","e20904613057","5ef73d1d1f3f","c5ba4598e453","60e9eb16e116","6d7f27752a73","60a6cef33e66","d8961c2c9645","973f8f1f8c1c","b4b94a55dcb7","6f2e3b1bb865","22b561dca2a6","460a9fbe420c","9325bf3b3b3c","a6dd0e3e99da","3364405965dd","079f07eff90d","18c89c6650df","3ac6a6283b61","abe0fd658e46","39d36262b975","57a29ea82eab","fbe246d94be1","3501a117ff03","82709234f3ae","30f1bceedef9","0c00981b7fcc","5a8dd269586d","39ef34061607","c502f4c87c2f","1b9aac5c2a01","df8f13518f35","47a82d15c1b5","2dbbb34ae9c4","a352cdce61ee","9c2bd6cf6188","e5ecc1e5dfc8","fab3a8a33440","a2964267afa4","7b4688178ef5"]}
2026-03-14T22:00:02.007Z [DEBUG] [Lingo.dev] Parsed hashes: 77ab38435db9,2294209e28e1,425008df0230,0f33042ae1c1,57697fde38d6,b30debe1774f,7ce12b7afdac,2b558d5fca0c,be2e07ff18a1,eaacdf8777f1,40fa9a830ba7,2fe11bb06f5c,12f52b8082a5,5cd33c6765b0,cce6ff48e14c,158f4d02301c,e20904613057,5ef73d1d1f3f,c5ba4598e453,60e9eb16e116,6d7f27752a73,60a6cef33e66,d8961c2c9645,973f8f1f8c1c,b4b94a55dcb7,6f2e3b1bb865,22b561dca2a6,460a9fbe420c,9325bf3b3b3c,a6dd0e3e99da,3364405965dd,079f07eff90d,18c89c6650df,3ac6a6283b61,abe0fd658e46,39d36262b975,57a29ea82eab,fbe246d94be1,3501a117ff03,82709234f3ae,30f1bceedef9,0c00981b7fcc,5a8dd269586d,39ef34061607,c502f4c87c2f,1b9aac5c2a01,df8f13518f35,47a82d15c1b5,2dbbb34ae9c4,a352cdce61ee,9c2bd6cf6188,e5ecc1e5dfc8,fab3a8a33440,a2964267afa4,7b4688178ef5
2026-03-14T22:00:02.089Z [DEBUG] [Lingo.dev] Reloaded metadata: 0 entries
2026-03-14T22:00:02.189Z [INFO] [Lingo.dev] 🔄 Translating 55 hashes to en
2026-03-14T22:00:02.251Z [DEBUG] [Lingo.dev] 🔄 Hashes: 77ab38435db9, 2294209e28e1, 425008df0230, 0f33042ae1c1, 57697fde38d6, b30debe1774f, 7ce12b7afdac, 2b558d5fca0c, be2e07ff18a1, eaacdf8777f1, 40fa9a830ba7, 2fe11bb06f5c, 12f52b8082a5, 5cd33c6765b0, cce6ff48e14c, 158f4d02301c, e20904613057, 5ef73d1d1f3f, c5ba4598e453, 60e9eb16e116, 6d7f27752a73, 60a6cef33e66, d8961c2c9645, 973f8f1f8c1c, b4b94a55dcb7, 6f2e3b1bb865, 22b561dca2a6, 460a9fbe420c, 9325bf3b3b3c, a6dd0e3e99da, 3364405965dd, 079f07eff90d, 18c89c6650df, 3ac6a6283b61, abe0fd658e46, 39d36262b975, 57a29ea82eab, fbe246d94be1, 3501a117ff03, 82709234f3ae, 30f1bceedef9, 0c00981b7fcc, 5a8dd269586d, 39ef34061607, c502f4c87c2f, 1b9aac5c2a01, df8f13518f35, 47a82d15c1b5, 2dbbb34ae9c4, a352cdce61ee, 9c2bd6cf6188, e5ecc1e5dfc8, fab3a8a33440, a2964267afa4, 7b4688178ef5
2026-03-14T22:00:02.328Z [DEBUG] [Lingo.dev] [BUSY] Server is now busy (1 active)
2026-03-14T22:00:02.428Z [DEBUG] [Lingo.dev] [IDLE] Server is now idle
2026-03-14T22:00:12.285Z [INFO] [Lingo.dev] 📥 Received: OPTIONS /translations/en
2026-03-14T22:00:12.321Z [INFO] [Lingo.dev] 🔄 Processing: OPTIONS /translations/en
2026-03-14T22:00:12.326Z [DEBUG] [Lingo.dev] OPTIONS /translations/en
2026-03-14T22:00:12.332Z [INFO] [Lingo.dev] 📥 Received: POST /translations/en
2026-03-14T22:00:12.348Z [INFO] [Lingo.dev] 🔄 Processing: POST /translations/en
2026-03-14T22:00:12.378Z [DEBUG] [Lingo.dev] POST /translations/en
2026-03-14T22:00:12.413Z [DEBUG] [Lingo.dev] Reading request body...
2026-03-14T22:00:12.448Z [DEBUG] [Lingo.dev] Chunk read, body: {"hashes":["ac5210ad4348","2f2ed7350573","1ac80081aacf","9f928e991f55","d4ae45fbb2cd","b0e34149f4ad","c6d0d8a2bf7b","6e2be4d0ce5c","61c7e6cffc3a"]}
2026-03-14T22:00:12.502Z [DEBUG] [Lingo.dev] Parsed hashes: ac5210ad4348,2f2ed7350573,1ac80081aacf,9f928e991f55,d4ae45fbb2cd,b0e34149f4ad,c6d0d8a2bf7b,6e2be4d0ce5c,61c7e6cffc3a
2026-03-14T22:00:12.552Z [DEBUG] [Lingo.dev] Reloaded metadata: 9 entries
2026-03-14T22:00:12.612Z [INFO] [Lingo.dev] 🔄 Translating 9 hashes to en
2026-03-14T22:00:12.707Z [DEBUG] [Lingo.dev] 🔄 Hashes: ac5210ad4348, 2f2ed7350573, 1ac80081aacf, 9f928e991f55, d4ae45fbb2cd, b0e34149f4ad, c6d0d8a2bf7b, 6e2be4d0ce5c, 61c7e6cffc3a
2026-03-14T22:00:12.769Z [DEBUG] [Lingo.dev] [BUSY] Server is now busy (1 active)
2026-03-14T22:00:12.856Z [DEBUG] [Lingo.dev] [IDLE] Server is now idle
2026-03-14T22:00:27.238Z [INFO] [Lingo.dev] 📥 Received: OPTIONS /translations/es
2026-03-14T22:00:27.306Z [INFO] [Lingo.dev] 🔄 Processing: OPTIONS /translations/es
2026-03-14T22:00:27.422Z [DEBUG] [Lingo.dev] OPTIONS /translations/es
2026-03-14T22:00:27.439Z [INFO] [Lingo.dev] 📥 Received: POST /translations/es
2026-03-14T22:00:27.464Z [INFO] [Lingo.dev] 🔄 Processing: POST /translations/es
2026-03-14T22:00:27.562Z [DEBUG] [Lingo.dev] POST /translations/es
2026-03-14T22:00:27.619Z [DEBUG] [Lingo.dev] Reading request body...
2026-03-14T22:00:27.719Z [DEBUG] [Lingo.dev] Chunk read, body: {"hashes":["77ab38435db9","2294209e28e1","425008df0230","0f33042ae1c1","57697fde38d6","b30debe1774f","7ce12b7afdac","2b558d5fca0c","be2e07ff18a1","eaacdf8777f1","40fa9a830ba7","2fe11bb06f5c","12f52b8082a5","5cd33c6765b0","cce6ff48e14c","158f4d02301c","e20904613057","5ef73d1d1f3f","c5ba4598e453","60e9eb16e116","6d7f27752a73","60a6cef33e66","d8961c2c9645","973f8f1f8c1c","b4b94a55dcb7","6f2e3b1bb865","22b561dca2a6","460a9fbe420c","9325bf3b3b3c","a6dd0e3e99da","3364405965dd","079f07eff90d","18c89c6650df","3ac6a6283b61","abe0fd658e46","39d36262b975","57a29ea82eab","fbe246d94be1","3501a117ff03","82709234f3ae","30f1bceedef9","0c00981b7fcc","5a8dd269586d","39ef34061607","c502f4c87c2f","1b9aac5c2a01","df8f13518f35","47a82d15c1b5","2dbbb34ae9c4","a352cdce61ee","9c2bd6cf6188","e5ecc1e5dfc8","fab3a8a33440","a2964267afa4","7b4688178ef5","ac5210ad4348","2f2ed7350573","1ac80081aacf","9f928e991f55","d4ae45fbb2cd","b0e34149f4ad","c6d0d8a2bf7b","6e2be4d0ce5c","61c7e6cffc3a"]}
2026-03-14T22:00:27.794Z [DEBUG] [Lingo.dev] Parsed hashes: 77ab38435db9,2294209e28e1,425008df0230,0f33042ae1c1,57697fde38d6,b30debe1774f,7ce12b7afdac,2b558d5fca0c,be2e07ff18a1,eaacdf8777f1,40fa9a830ba7,2fe11bb06f5c,12f52b8082a5,5cd33c6765b0,cce6ff48e14c,158f4d02301c,e20904613057,5ef73d1d1f3f,c5ba4598e453,60e9eb16e116,6d7f27752a73,60a6cef33e66,d8961c2c9645,973f8f1f8c1c,b4b94a55dcb7,6f2e3b1bb865,22b561dca2a6,460a9fbe420c,9325bf3b3b3c,a6dd0e3e99da,3364405965dd,079f07eff90d,18c89c6650df,3ac6a6283b61,abe0fd658e46,39d36262b975,57a29ea82eab,fbe246d94be1,3501a117ff03,82709234f3ae,30f1bceedef9,0c00981b7fcc,5a8dd269586d,39ef34061607,c502f4c87c2f,1b9aac5c2a01,df8f13518f35,47a82d15c1b5,2dbbb34ae9c4,a352cdce61ee,9c2bd6cf6188,e5ecc1e5dfc8,fab3a8a33440,a2964267afa4,7b4688178ef5,ac5210ad4348,2f2ed7350573,1ac80081aacf,9f928e991f55,d4ae45fbb2cd,b0e34149f4ad,c6d0d8a2bf7b,6e2be4d0ce5c,61c7e6cffc3a
2026-03-14T22:00:27.853Z [DEBUG] [Lingo.dev] Reloaded metadata: 9 entries
2026-03-14T22:00:27.932Z [INFO] [Lingo.dev] 🔄 Translating 64 hashes to es
2026-03-14T22:00:27.977Z [DEBUG] [Lingo.dev] 🔄 Hashes: 77ab38435db9, 2294209e28e1, 425008df0230, 0f33042ae1c1, 57697fde38d6, b30debe1774f, 7ce12b7afdac, 2b558d5fca0c, be2e07ff18a1, eaacdf8777f1, 40fa9a830ba7, 2fe11bb06f5c, 12f52b8082a5, 5cd33c6765b0, cce6ff48e14c, 158f4d02301c, e20904613057, 5ef73d1d1f3f, c5ba4598e453, 60e9eb16e116, 6d7f27752a73, 60a6cef33e66, d8961c2c9645, 973f8f1f8c1c, b4b94a55dcb7, 6f2e3b1bb865, 22b561dca2a6, 460a9fbe420c, 9325bf3b3b3c, a6dd0e3e99da, 3364405965dd, 079f07eff90d, 18c89c6650df, 3ac6a6283b61, abe0fd658e46, 39d36262b975, 57a29ea82eab, fbe246d94be1, 3501a117ff03, 82709234f3ae, 30f1bceedef9, 0c00981b7fcc, 5a8dd269586d, 39ef34061607, c502f4c87c2f, 1b9aac5c2a01, df8f13518f35, 47a82d15c1b5, 2dbbb34ae9c4, a352cdce61ee, 9c2bd6cf6188, e5ecc1e5dfc8, fab3a8a33440, a2964267afa4, 7b4688178ef5, ac5210ad4348, 2f2ed7350573, 1ac80081aacf, 9f928e991f55, d4ae45fbb2cd, b0e34149f4ad, c6d0d8a2bf7b, 6e2be4d0ce5c, 61c7e6cffc3a
2026-03-14T22:00:28.037Z [DEBUG] [Lingo.dev] [BUSY] Server is now busy (1 active)
2026-03-14T22:00:44.657Z [DEBUG] [Lingo.dev] [IDLE] Server is now idle
2026-03-14T22:01:05.786Z [INFO] [Lingo.dev] 📥 Received: OPTIONS /translations/es
2026-03-14T22:01:05.855Z [INFO] [Lingo.dev] 🔄 Processing: OPTIONS /translations/es
2026-03-14T22:01:05.931Z [DEBUG] [Lingo.dev] OPTIONS /translations/es
2026-03-14T22:01:06.019Z [INFO] [Lingo.dev] 📥 Received: POST /translations/es
2026-03-14T22:01:06.105Z [INFO] [Lingo.dev] 🔄 Processing: POST /translations/es
2026-03-14T22:01:06.203Z [DEBUG] [Lingo.dev] POST /translations/es
2026-03-14T22:01:06.263Z [DEBUG] [Lingo.dev] Reading request body...
2026-03-14T22:01:06.434Z [DEBUG] [Lingo.dev] Chunk read, body: {"hashes":["d94392b437ed","35668a2f5a23","601f3c4a6089","1ff6e86704b1","262b4d5b5287","86d98234ee99","d503dc4acfe8","f74d69b0f479","575fa22c291f","6272b40859dd","8b398583ce9e","59fe1d1f29a0","a59a03f7fde5","59ba352e9cd3","1f29c913bbdb","0aa84bef07d9","df5a51086d9a"]}
2026-03-14T22:01:06.522Z [DEBUG] [Lingo.dev] Parsed hashes: d94392b437ed,35668a2f5a23,601f3c4a6089,1ff6e86704b1,262b4d5b5287,86d98234ee99,d503dc4acfe8,f74d69b0f479,575fa22c291f,6272b40859dd,8b398583ce9e,59fe1d1f29a0,a59a03f7fde5,59ba352e9cd3,1f29c913bbdb,0aa84bef07d9,df5a51086d9a
2026-03-14T22:01:06.580Z [DEBUG] [Lingo.dev] Reloaded metadata: 26 entries
2026-03-14T22:01:06.672Z [INFO] [Lingo.dev] 🔄 Translating 17 hashes to es
2026-03-14T22:01:06.744Z [DEBUG] [Lingo.dev] 🔄 Hashes: d94392b437ed, 35668a2f5a23, 601f3c4a6089, 1ff6e86704b1, 262b4d5b5287, 86d98234ee99, d503dc4acfe8, f74d69b0f479, 575fa22c291f, 6272b40859dd, 8b398583ce9e, 59fe1d1f29a0, a59a03f7fde5, 59ba352e9cd3, 1f29c913bbdb, 0aa84bef07d9, df5a51086d9a
2026-03-14T22:01:06.822Z [DEBUG] [Lingo.dev] [BUSY] Server is now busy (1 active)
2026-03-14T22:01:17.757Z [DEBUG] [Lingo.dev] [IDLE] Server is now idle
2026-03-14T22:01:36.279Z [DEBUG] [Lingo.dev] WebSocket client disconnected. Total clients: 0
2026-03-14T22:01:38.583Z [DEBUG] [Lingo.dev] WebSocket client connected. Total clients: 1
2026-03-14T22:01:38.709Z [INFO] [Lingo.dev] 📥 Received: OPTIONS /translations/en
2026-03-14T22:01:38.756Z [INFO] [Lingo.dev] 🔄 Processing: OPTIONS /translations/en
2026-03-14T22:01:38.796Z [DEBUG] [Lingo.dev] OPTIONS /translations/en
2026-03-14T22:01:38.859Z [INFO] [Lingo.dev] 📥 Received: POST /translations/en
2026-03-14T22:01:38.896Z [INFO] [Lingo.dev] 🔄 Processing: POST /translations/en
2026-03-14T22:01:39.074Z [DEBUG] [Lingo.dev] POST /translations/en
2026-03-14T22:01:39.175Z [DEBUG] [Lingo.dev] Reading request body...
2026-03-14T22:01:39.285Z [DEBUG] [Lingo.dev] Chunk read, body: {"hashes":["77ab38435db9","2294209e28e1","425008df0230","0f33042ae1c1","57697fde38d6","b30debe1774f","7ce12b7afdac","2b558d5fca0c","be2e07ff18a1","eaacdf8777f1","40fa9a830ba7","2fe11bb06f5c","12f52b8082a5","5cd33c6765b0","cce6ff48e14c","158f4d02301c","e20904613057","5ef73d1d1f3f","c5ba4598e453","60e9eb16e116","6d7f27752a73","60a6cef33e66","d8961c2c9645","973f8f1f8c1c","b4b94a55dcb7","6f2e3b1bb865","22b561dca2a6","460a9fbe420c","9325bf3b3b3c","a6dd0e3e99da","3364405965dd","079f07eff90d","18c89c6650df","3ac6a6283b61","abe0fd658e46","39d36262b975","57a29ea82eab","fbe246d94be1","3501a117ff03","82709234f3ae","30f1bceedef9","0c00981b7fcc","5a8dd269586d","39ef34061607","c502f4c87c2f","1b9aac5c2a01","df8f13518f35","47a82d15c1b5","2dbbb34ae9c4","a352cdce61ee","9c2bd6cf6188","e5ecc1e5dfc8","fab3a8a33440","a2964267afa4","7b4688178ef5"]}
2026-03-14T22:01:39.345Z [DEBUG] [Lingo.dev] Parsed hashes: 77ab38435db9,2294209e28e1,425008df0230,0f33042ae1c1,57697fde38d6,b30debe1774f,7ce12b7afdac,2b558d5fca0c,be2e07ff18a1,eaacdf8777f1,40fa9a830ba7,2fe11bb06f5c,12f52b8082a5,5cd33c6765b0,cce6ff48e14c,158f4d02301c,e20904613057,5ef73d1d1f3f,c5ba4598e453,60e9eb16e116,6d7f27752a73,60a6cef33e66,d8961c2c9645,973f8f1f8c1c,b4b94a55dcb7,6f2e3b1bb865,22b561dca2a6,460a9fbe420c,9325bf3b3b3c,a6dd0e3e99da,3364405965dd,079f07eff90d,18c89c6650df,3ac6a6283b61,abe0fd658e46,39d36262b975,57a29ea82eab,fbe246d94be1,3501a117ff03,82709234f3ae,30f1bceedef9,0c00981b7fcc,5a8dd269586d,39ef34061607,c502f4c87c2f,1b9aac5c2a01,df8f13518f35,47a82d15c1b5,2dbbb34ae9c4,a352cdce61ee,9c2bd6cf6188,e5ecc1e5dfc8,fab3a8a33440,a2964267afa4,7b4688178ef5
2026-03-14T22:01:39.411Z [DEBUG] [Lingo.dev] Reloaded metadata: 26 entries
2026-03-14T22:01:39.480Z [INFO] [Lingo.dev] 🔄 Translating 55 hashes to en
2026-03-14T22:01:39.565Z [DEBUG] [Lingo.dev] 🔄 Hashes: 77ab38435db9, 2294209e28e1, 425008df0230, 0f33042ae1c1, 57697fde38d6, b30debe1774f, 7ce12b7afdac, 2b558d5fca0c, be2e07ff18a1, eaacdf8777f1, 40fa9a830ba7, 2fe11bb06f5c, 12f52b8082a5, 5cd33c6765b0, cce6ff48e14c, 158f4d02301c, e20904613057, 5ef73d1d1f3f, c5ba4598e453, 60e9eb16e116, 6d7f27752a73, 60a6cef33e66, d8961c2c9645, 973f8f1f8c1c, b4b94a55dcb7, 6f2e3b1bb865, 22b561dca2a6, 460a9fbe420c, 9325bf3b3b3c, a6dd0e3e99da, 3364405965dd, 079f07eff90d, 18c89c6650df, 3ac6a6283b61, abe0fd658e46, 39d36262b975, 57a29ea82eab, fbe246d94be1, 3501a117ff03, 82709234f3ae, 30f1bceedef9, 0c00981b7fcc, 5a8dd269586d, 39ef34061607, c502f4c87c2f, 1b9aac5c2a01, df8f13518f35, 47a82d15c1b5, 2dbbb34ae9c4, a352cdce61ee, 9c2bd6cf6188, e5ecc1e5dfc8, fab3a8a33440, a2964267afa4, 7b4688178ef5
2026-03-14T22:01:39.653Z [DEBUG] [Lingo.dev] [BUSY] Server is now busy (1 active)
2026-03-14T22:01:39.814Z [DEBUG] [Lingo.dev] [IDLE] Server is now idle
2026-03-14T22:02:32.508Z [INFO] [Lingo.dev] 📥 Received: OPTIONS /translations/es
2026-03-14T22:02:32.590Z [INFO] [Lingo.dev] 🔄 Processing: OPTIONS /translations/es
2026-03-14T22:02:32.659Z [DEBUG] [Lingo.dev] OPTIONS /translations/es
2026-03-14T22:02:32.695Z [INFO] [Lingo.dev] 📥 Received: POST /translations/es
2026-03-14T22:02:32.749Z [INFO] [Lingo.dev] 🔄 Processing: POST /translations/es
2026-03-14T22:02:32.829Z [DEBUG] [Lingo.dev] POST /translations/es
2026-03-14T22:02:32.900Z [DEBUG] [Lingo.dev] Reading request body...
2026-03-14T22:02:32.973Z [DEBUG] [Lingo.dev] Chunk read, body: {"hashes":["77ab38435db9","2294209e28e1","425008df0230","0f33042ae1c1","57697fde38d6","b30debe1774f","7ce12b7afdac","2b558d5fca0c","be2e07ff18a1","eaacdf8777f1","40fa9a830ba7","2fe11bb06f5c","12f52b8082a5","5cd33c6765b0","cce6ff48e14c","158f4d02301c","e20904613057","5ef73d1d1f3f","c5ba4598e453","60e9eb16e116","6d7f27752a73","60a6cef33e66","d8961c2c9645","973f8f1f8c1c","b4b94a55dcb7","6f2e3b1bb865","22b561dca2a6","460a9fbe420c","9325bf3b3b3c","a6dd0e3e99da","3364405965dd","079f07eff90d","18c89c6650df","3ac6a6283b61","abe0fd658e46","39d36262b975","57a29ea82eab","fbe246d94be1","3501a117ff03","82709234f3ae","30f1bceedef9","0c00981b7fcc","5a8dd269586d","39ef34061607","c502f4c87c2f","1b9aac5c2a01","df8f13518f35","47a82d15c1b5","2dbbb34ae9c4","a352cdce61ee","9c2bd6cf6188","e5ecc1e5dfc8","fab3a8a33440","a2964267afa4","7b4688178ef5"]}
2026-03-14T22:02:33.150Z [DEBUG] [Lingo.dev] Parsed hashes: 77ab38435db9,2294209e28e1,425008df0230,0f33042ae1c1,57697fde38d6,b30debe1774f,7ce12b7afdac,2b558d5fca0c,be2e07ff18a1,eaacdf8777f1,40fa9a830ba7,2fe11bb06f5c,12f52b8082a5,5cd33c6765b0,cce6ff48e14c,158f4d02301c,e20904613057,5ef73d1d1f3f,c5ba4598e453,60e9eb16e116,6d7f27752a73,60a6cef33e66,d8961c2c9645,973f8f1f8c1c,b4b94a55dcb7,6f2e3b1bb865,22b561dca2a6,460a9fbe420c,9325bf3b3b3c,a6dd0e3e99da,3364405965dd,079f07eff90d,18c89c6650df,3ac6a6283b61,abe0fd658e46,39d36262b975,57a29ea82eab,fbe246d94be1,3501a117ff03,82709234f3ae,30f1bceedef9,0c00981b7fcc,5a8dd269586d,39ef34061607,c502f4c87c2f,1b9aac5c2a01,df8f13518f35,47a82d15c1b5,2dbbb34ae9c4,a352cdce61ee,9c2bd6cf6188,e5ecc1e5dfc8,fab3a8a33440,a2964267afa4,7b4688178ef5
2026-03-14T22:02:33.257Z [DEBUG] [Lingo.dev] Reloaded metadata: 26 entries
2026-03-14T22:02:33.333Z [INFO] [Lingo.dev] 🔄 Translating 55 hashes to es
2026-03-14T22:02:33.404Z [DEBUG] [Lingo.dev] 🔄 Hashes: 77ab38435db9, 2294209e28e1, 425008df0230, 0f33042ae1c1, 57697fde38d6, b30debe1774f, 7ce12b7afdac, 2b558d5fca0c, be2e07ff18a1, eaacdf8777f1, 40fa9a830ba7, 2fe11bb06f5c, 12f52b8082a5, 5cd33c6765b0, cce6ff48e14c, 158f4d02301c, e20904613057, 5ef73d1d1f3f, c5ba4598e453, 60e9eb16e116, 6d7f27752a73, 60a6cef33e66, d8961c2c9645, 973f8f1f8c1c, b4b94a55dcb7, 6f2e3b1bb865, 22b561dca2a6, 460a9fbe420c, 9325bf3b3b3c, a6dd0e3e99da, 3364405965dd, 079f07eff90d, 18c89c6650df, 3ac6a6283b61, abe0fd658e46, 39d36262b975, 57a29ea82eab, fbe246d94be1, 3501a117ff03, 82709234f3ae, 30f1bceedef9, 0c00981b7fcc, 5a8dd269586d, 39ef34061607, c502f4c87c2f, 1b9aac5c2a01, df8f13518f35, 47a82d15c1b5, 2dbbb34ae9c4, a352cdce61ee, 9c2bd6cf6188, e5ecc1e5dfc8, fab3a8a33440, a2964267afa4, 7b4688178ef5
2026-03-14T22:02:33.484Z [DEBUG] [Lingo.dev] [BUSY] Server is now busy (1 active)
2026-03-14T22:02:33.547Z [DEBUG] [Lingo.dev] [IDLE] Server is now idle
2026-03-14T22:02:34.867Z [INFO] [Lingo.dev] 📥 Received: POST /translations/es
2026-03-14T22:02:34.901Z [INFO] [Lingo.dev] 🔄 Processing: POST /translations/es
2026-03-14T22:02:34.920Z [DEBUG] [Lingo.dev] POST /translations/es
2026-03-14T22:02:34.946Z [DEBUG] [Lingo.dev] Reading request body...
2026-03-14T22:02:34.967Z [DEBUG] [Lingo.dev] Chunk read, body: {"hashes":["ac5210ad4348","2f2ed7350573","1ac80081aacf","9f928e991f55","d4ae45fbb2cd","b0e34149f4ad","c6d0d8a2bf7b","6e2be4d0ce5c","61c7e6cffc3a"]}
2026-03-14T22:02:35.014Z [DEBUG] [Lingo.dev] Parsed hashes: ac5210ad4348,2f2ed7350573,1ac80081aacf,9f928e991f55,d4ae45fbb2cd,b0e34149f4ad,c6d0d8a2bf7b,6e2be4d0ce5c,61c7e6cffc3a
2026-03-14T22:02:35.075Z [DEBUG] [Lingo.dev] Reloaded metadata: 26 entries
2026-03-14T22:02:35.165Z [INFO] [Lingo.dev] 🔄 Translating 9 hashes to es
2026-03-14T22:02:35.205Z [DEBUG] [Lingo.dev] 🔄 Hashes: ac5210ad4348, 2f2ed7350573, 1ac80081aacf, 9f928e991f55, d4ae45fbb2cd, b0e34149f4ad, c6d0d8a2bf7b, 6e2be4d0ce5c, 61c7e6cffc3a
2026-03-14T22:02:35.344Z [DEBUG] [Lingo.dev] [BUSY] Server is now busy (1 active)
2026-03-14T22:02:35.449Z [DEBUG] [Lingo.dev] [IDLE] Server is now idle
2026-03-14T22:03:09.286Z [INFO] [Lingo.dev] 📥 Received: OPTIONS /translations/es
2026-03-14T22:03:09.288Z [INFO] [Lingo.dev] 🔄 Processing: OPTIONS /translations/es
2026-03-14T22:03:09.411Z [DEBUG] [Lingo.dev] OPTIONS /translations/es
2026-03-14T22:03:09.440Z [INFO] [Lingo.dev] 📥 Received: POST /translations/es
2026-03-14T22:03:09.449Z [INFO] [Lingo.dev] 🔄 Processing: POST /translations/es
2026-03-14T22:03:09.459Z [DEBUG] [Lingo.dev] POST /translations/es
2026-03-14T22:03:09.468Z [DEBUG] [Lingo.dev] Reading request body...
2026-03-14T22:03:09.477Z [DEBUG] [Lingo.dev] Chunk read, body: {"hashes":["5ffb95a2f6db","289d9ebe7ca4","313af42985fa","26f59ad2c7d3","c3ba0d70f6af","bbc5e5c6dcee","10c735393131","b63a8c67ba9e","a63d5e6a099b","6eb6ff154c29","67741e4c9bd4","3c088a22309b","05ab5a4032d8","b11dba68bb9b","6d05ad4c0161","1082c4649be9","459ec69915fc","bdb257a2c22a","d24570561f92","4e133fbf3242","c38c7a6bd5cd","093ecefe44b1","811b5bf80a70","ec42c1d23c4c","beec0f7cd4b5","ef69870cab90","af05a4a45291","fcdfb72f35d4","e23c49f3fc75","b53989f9f656","e7495c52244b","a516142ed2e7","141e9862a970","54e5a78d6208","87c91b935c3a","cfd538172a55","7a47543a2790","429159f6980e","248f30423cee","db199dc4c30f","b421f8f639a0","4339ddbfea49","0619d999acf8","aa04a0050fea","78ddc895dba9","aa39eb56ab70","40993c215561","60204d92364d"]}
2026-03-14T22:03:09.495Z [DEBUG] [Lingo.dev] Parsed hashes: 5ffb95a2f6db,289d9ebe7ca4,313af42985fa,26f59ad2c7d3,c3ba0d70f6af,bbc5e5c6dcee,10c735393131,b63a8c67ba9e,a63d5e6a099b,6eb6ff154c29,67741e4c9bd4,3c088a22309b,05ab5a4032d8,b11dba68bb9b,6d05ad4c0161,1082c4649be9,459ec69915fc,bdb257a2c22a,d24570561f92,4e133fbf3242,c38c7a6bd5cd,093ecefe44b1,811b5bf80a70,ec42c1d23c4c,beec0f7cd4b5,ef69870cab90,af05a4a45291,fcdfb72f35d4,e23c49f3fc75,b53989f9f656,e7495c52244b,a516142ed2e7,141e9862a970,54e5a78d6208,87c91b935c3a,cfd538172a55,7a47543a2790,429159f6980e,248f30423cee,db199dc4c30f,b421f8f639a0,4339ddbfea49,0619d999acf8,aa04a0050fea,78ddc895dba9,aa39eb56ab70,40993c215561,60204d92364d
2026-03-14T22:03:09.508Z [DEBUG] [Lingo.dev] Reloaded metadata: 75 entries
2026-03-14T22:03:09.515Z [INFO] [Lingo.dev] 🔄 Translating 48 hashes to es
2026-03-14T22:03:09.543Z [DEBUG] [Lingo.dev] 🔄 Hashes: 5ffb95a2f6db, 289d9ebe7ca4, 313af42985fa, 26f59ad2c7d3, c3ba0d70f6af, bbc5e5c6dcee, 10c735393131, b63a8c67ba9e, a63d5e6a099b, 6eb6ff154c29, 67741e4c9bd4, 3c088a22309b, 05ab5a4032d8, b11dba68bb9b, 6d05ad4c0161, 1082c4649be9, 459ec69915fc, bdb257a2c22a, d24570561f92, 4e133fbf3242, c38c7a6bd5cd, 093ecefe44b1, 811b5bf80a70, ec42c1d23c4c, beec0f7cd4b5, ef69870cab90, af05a4a45291, fcdfb72f35d4, e23c49f3fc75, b53989f9f656, e7495c52244b, a516142ed2e7, 141e9862a970, 54e5a78d6208, 87c91b935c3a, cfd538172a55, 7a47543a2790, 429159f6980e, 248f30423cee, db199dc4c30f, b421f8f639a0, 4339ddbfea49, 0619d999acf8, aa04a0050fea, 78ddc895dba9, aa39eb56ab70, 40993c215561, 60204d92364d
2026-03-14T22:03:09.654Z [DEBUG] [Lingo.dev] [BUSY] Server is now busy (1 active)
2026-03-14T22:03:26.119Z [DEBUG] [Lingo.dev] [IDLE] Server is now idle
2026-03-14T22:04:03.834Z [INFO] [Lingo.dev] 📥 Received: OPTIONS /translations/en
2026-03-14T22:04:03.964Z [INFO] [Lingo.dev] 🔄 Processing: OPTIONS /translations/en
2026-03-14T22:04:04.060Z [DEBUG] [Lingo.dev] OPTIONS /translations/en
2026-03-14T22:04:04.071Z [INFO] [Lingo.dev] 📥 Received: POST /translations/en
2026-03-14T22:04:04.235Z [INFO] [Lingo.dev] 🔄 Processing: POST /translations/en
2026-03-14T22:04:04.427Z [DEBUG] [Lingo.dev] POST /translations/en
2026-03-14T22:04:04.533Z [DEBUG] [Lingo.dev] Reading request body...
2026-03-14T22:04:04.740Z [DEBUG] [Lingo.dev] Chunk read, body: {"hashes":["77ab38435db9","2294209e28e1","425008df0230","0f33042ae1c1","57697fde38d6","b30debe1774f","7ce12b7afdac","2b558d5fca0c","be2e07ff18a1","eaacdf8777f1","40fa9a830ba7","2fe11bb06f5c","12f52b8082a5","5cd33c6765b0","cce6ff48e14c","158f4d02301c","e20904613057","5ef73d1d1f3f","c5ba4598e453","60e9eb16e116","6d7f27752a73","60a6cef33e66","d8961c2c9645","973f8f1f8c1c","b4b94a55dcb7","6f2e3b1bb865","22b561dca2a6","460a9fbe420c","9325bf3b3b3c","a6dd0e3e99da","3364405965dd","079f07eff90d","18c89c6650df","3ac6a6283b61","abe0fd658e46","39d36262b975","57a29ea82eab","fbe246d94be1","3501a117ff03","82709234f3ae","30f1bceedef9","0c00981b7fcc","5a8dd269586d","39ef34061607","c502f4c87c2f","1b9aac5c2a01","df8f13518f35","47a82d15c1b5","2dbbb34ae9c4","a352cdce61ee","9c2bd6cf6188","e5ecc1e5dfc8","fab3a8a33440","a2964267afa4","7b4688178ef5","ac5210ad4348","2f2ed7350573","1ac80081aacf","9f928e991f55","d4ae45fbb2cd","b0e34149f4ad","c6d0d8a2bf7b","6e2be4d0ce5c","61c7e6cffc3a","5ffb95a2f6db","289d9ebe7ca4","313af42985fa","26f59ad2c7d3","c3ba0d70f6af","bbc5e5c6dcee","10c735393131","b63a8c67ba9e","a63d5e6a099b","6eb6ff154c29","67741e4c9bd4","3c088a22309b","05ab5a4032d8","b11dba68bb9b","6d05ad4c0161","1082c4649be9","459ec69915fc","bdb257a2c22a","d24570561f92","4e133fbf3242","c38c7a6bd5cd","093ecefe44b1","811b5bf80a70","ec42c1d23c4c","beec0f7cd4b5","ef69870cab90","af05a4a45291","fcdfb72f35d4","e23c49f3fc75","b53989f9f656","e7495c52244b","a516142ed2e7","141e9862a970","54e5a78d6208","87c91b935c3a","cfd538172a55","7a47543a2790","429159f6980e","248f30423cee","db199dc4c30f","b421f8f639a0","4339ddbfea49","0619d999acf8","aa04a0050fea","78ddc895dba9","aa39eb56ab70","40993c215561","60204d92364d"]}
2026-03-14T22:04:04.856Z [DEBUG] [Lingo.dev] Parsed hashes: 77ab38435db9,2294209e28e1,425008df0230,0f33042ae1c1,57697fde38d6,b30debe1774f,7ce12b7afdac,2b558d5fca0c,be2e07ff18a1,eaacdf8777f1,40fa9a830ba7,2fe11bb06f5c,12f52b8082a5,5cd33c6765b0,cce6ff48e14c,158f4d02301c,e20904613057,5ef73d1d1f3f,c5ba4598e453,60e9eb16e116,6d7f27752a73,60a6cef33e66,d8961c2c9645,973f8f1f8c1c,b4b94a55dcb7,6f2e3b1bb865,22b561dca2a6,460a9fbe420c,9325bf3b3b3c,a6dd0e3e99da,3364405965dd,079f07eff90d,18c89c6650df,3ac6a6283b61,abe0fd658e46,39d36262b975,57a29ea82eab,fbe246d94be1,3501a117ff03,82709234f3ae,30f1bceedef9,0c00981b7fcc,5a8dd269586d,39ef34061607,c502f4c87c2f,1b9aac5c2a01,df8f13518f35,47a82d15c1b5,2dbbb34ae9c4,a352cdce61ee,9c2bd6cf6188,e5ecc1e5dfc8,fab3a8a33440,a2964267afa4,7b4688178ef5,ac5210ad4348,2f2ed7350573,1ac80081aacf,9f928e991f55,d4ae45fbb2cd,b0e34149f4ad,c6d0d8a2bf7b,6e2be4d0ce5c,61c7e6cffc3a,5ffb95a2f6db,289d9ebe7ca4,313af42985fa,26f59ad2c7d3,c3ba0d70f6af,bbc5e5c6dcee,10c735393131,b63a8c67ba9e,a63d5e6a099b,6eb6ff154c29,67741e4c9bd4,3c088a22309b,05ab5a4032d8,b11dba68bb9b,6d05ad4c0161,1082c4649be9,459ec69915fc,bdb257a2c22a,d24570561f92,4e133fbf3242,c38c7a6bd5cd,093ecefe44b1,811b5bf80a70,ec42c1d23c4c,beec0f7cd4b5,ef69870cab90,af05a4a45291,fcdfb72f35d4,e23c49f3fc75,b53989f9f656,e7495c52244b,a516142ed2e7,141e9862a970,54e5a78d6208,87c91b935c3a,cfd538172a55,7a47543a2790,429159f6980e,248f30423cee,db199dc4c30f,b421f8f639a0,4339ddbfea49,0619d999acf8,aa04a0050fea,78ddc895dba9,aa39eb56ab70,40993c215561,60204d92364d
2026-03-14T22:04:04.935Z [DEBUG] [Lingo.dev] Reloaded metadata: 75 entries
2026-03-14T22:04:05.017Z [INFO] [Lingo.dev] 🔄 Translating 112 hashes to en
2026-03-14T22:04:05.122Z [DEBUG] [Lingo.dev] 🔄 Hashes: 77ab38435db9, 2294209e28e1, 425008df0230, 0f33042ae1c1, 57697fde38d6, b30debe1774f, 7ce12b7afdac, 2b558d5fca0c, be2e07ff18a1, eaacdf8777f1, 40fa9a830ba7, 2fe11bb06f5c, 12f52b8082a5, 5cd33c6765b0, cce6ff48e14c, 158f4d02301c, e20904613057, 5ef73d1d1f3f, c5ba4598e453, 60e9eb16e116, 6d7f27752a73, 60a6cef33e66, d8961c2c9645, 973f8f1f8c1c, b4b94a55dcb7, 6f2e3b1bb865, 22b561dca2a6, 460a9fbe420c, 9325bf3b3b3c, a6dd0e3e99da, 3364405965dd, 079f07eff90d, 18c89c6650df, 3ac6a6283b61, abe0fd658e46, 39d36262b975, 57a29ea82eab, fbe246d94be1, 3501a117ff03, 82709234f3ae, 30f1bceedef9, 0c00981b7fcc, 5a8dd269586d, 39ef34061607, c502f4c87c2f, 1b9aac5c2a01, df8f13518f35, 47a82d15c1b5, 2dbbb34ae9c4, a352cdce61ee, 9c2bd6cf6188, e5ecc1e5dfc8, fab3a8a33440, a2964267afa4, 7b4688178ef5, ac5210ad4348, 2f2ed7350573, 1ac80081aacf, 9f928e991f55, d4ae45fbb2cd, b0e34149f4ad, c6d0d8a2bf7b, 6e2be4d0ce5c, 61c7e6cffc3a, 5ffb95a2f6db, 289d9ebe7ca4, 313af42985fa, 26f59ad2c7d3, c3ba0d70f6af, bbc5e5c6dcee, 10c735393131, b63a8c67ba9e, a63d5e6a099b, 6eb6ff154c29, 67741e4c9bd4, 3c088a22309b, 05ab5a4032d8, b11dba68bb9b, 6d05ad4c0161, 1082c4649be9, 459ec69915fc, bdb257a2c22a, d24570561f92, 4e133fbf3242, c38c7a6bd5cd, 093ecefe44b1, 811b5bf80a70, ec42c1d23c4c, beec0f7cd4b5, ef69870cab90, af05a4a45291, fcdfb72f35d4, e23c49f3fc75, b53989f9f656, e7495c52244b, a516142ed2e7, 141e9862a970, 54e5a78d6208, 87c91b935c3a, cfd538172a55, 7a47543a2790, 429159f6980e, 248f30423cee, db199dc4c30f, b421f8f639a0, 4339ddbfea49, 0619d999acf8, aa04a0050fea, 78ddc895dba9, aa39eb56ab70, 40993c215561, 60204d92364d
2026-03-14T22:04:05.281Z [DEBUG] [Lingo.dev] [BUSY] Server is now busy (1 active)
2026-03-14T22:04:05.381Z [DEBUG] [Lingo.dev] [IDLE] Server is now idle
2026-03-14T22:04:48.744Z [DEBUG] [Lingo.dev] WebSocket client disconnected. Total clients: 0
2026-03-14T22:04:51.459Z [DEBUG] [Lingo.dev] WebSocket client connected. Total clients: 1
2026-03-14T22:04:52.278Z [INFO] [Lingo.dev] 📥 Received: OPTIONS /translations/en
2026-03-14T22:04:52.297Z [INFO] [Lingo.dev] 🔄 Processing: OPTIONS /translations/en
2026-03-14T22:04:52.309Z [DEBUG] [Lingo.dev] OPTIONS /translations/en
2026-03-14T22:04:52.313Z [INFO] [Lingo.dev] 📥 Received: POST /translations/en
2026-03-14T22:04:52.317Z [INFO] [Lingo.dev] 🔄 Processing: POST /translations/en
2026-03-14T22:04:52.334Z [DEBUG] [Lingo.dev] POST /translations/en
2026-03-14T22:04:52.353Z [DEBUG] [Lingo.dev] Reading request body...
2026-03-14T22:04:52.373Z [DEBUG] [Lingo.dev] Chunk read, body: {"hashes":["77ab38435db9","2294209e28e1","425008df0230","0f33042ae1c1","57697fde38d6","b30debe1774f"]}
2026-03-14T22:04:52.408Z [DEBUG] [Lingo.dev] Parsed hashes: 77ab38435db9,2294209e28e1,425008df0230,0f33042ae1c1,57697fde38d6,b30debe1774f
2026-03-14T22:04:52.566Z [DEBUG] [Lingo.dev] Reloaded metadata: 75 entries
2026-03-14T22:04:52.743Z [INFO] [Lingo.dev] 🔄 Translating 6 hashes to en
2026-03-14T22:04:52.890Z [DEBUG] [Lingo.dev] 🔄 Hashes: 77ab38435db9, 2294209e28e1, 425008df0230, 0f33042ae1c1, 57697fde38d6, b30debe1774f
2026-03-14T22:04:53.009Z [DEBUG] [Lingo.dev] [BUSY] Server is now busy (1 active)
2026-03-14T22:04:53.098Z [DEBUG] [Lingo.dev] [IDLE] Server is now idle
2026-03-14T22:05:15.282Z [INFO] [Lingo.dev] 📥 Received: OPTIONS /translations/en
2026-03-14T22:05:15.321Z [INFO] [Lingo.dev] 🔄 Processing: OPTIONS /translations/en
2026-03-14T22:05:15.326Z [DEBUG] [Lingo.dev] OPTIONS /translations/en
2026-03-14T22:05:15.329Z [INFO] [Lingo.dev] 📥 Received: POST /translations/en
2026-03-14T22:05:15.335Z [INFO] [Lingo.dev] 🔄 Processing: POST /translations/en
2026-03-14T22:05:15.349Z [DEBUG] [Lingo.dev] POST /translations/en
2026-03-14T22:05:15.361Z [DEBUG] [Lingo.dev] Reading request body...
2026-03-14T22:05:15.379Z [DEBUG] [Lingo.dev] Chunk read, body: {"hashes":["f1388688c264","9f35ee2be135","11d290f56cf6","9b118f740cc8"]}
2026-03-14T22:05:15.399Z [DEBUG] [Lingo.dev] Parsed hashes: f1388688c264,9f35ee2be135,11d290f56cf6,9b118f740cc8
2026-03-14T22:05:15.426Z [DEBUG] [Lingo.dev] Reloaded metadata: 79 entries
2026-03-14T22:05:15.444Z [INFO] [Lingo.dev] 🔄 Translating 4 hashes to en
2026-03-14T22:05:15.470Z [DEBUG] [Lingo.dev] 🔄 Hashes: f1388688c264, 9f35ee2be135, 11d290f56cf6, 9b118f740cc8
2026-03-14T22:05:15.481Z [DEBUG] [Lingo.dev] [BUSY] Server is now busy (1 active)
2026-03-14T22:05:15.846Z [DEBUG] [Lingo.dev] [IDLE] Server is now idle
2026-03-14T22:05:37.097Z [INFO] [Lingo.dev] 📥 Received: OPTIONS /translations/en
2026-03-14T22:05:37.551Z [INFO] [Lingo.dev] 🔄 Processing: OPTIONS /translations/en
2026-03-14T22:05:37.623Z [DEBUG] [Lingo.dev] OPTIONS /translations/en
2026-03-14T22:05:37.663Z [INFO] [Lingo.dev] 📥 Received: POST /translations/en
2026-03-14T22:05:37.714Z [INFO] [Lingo.dev] 🔄 Processing: POST /translations/en
2026-03-14T22:05:38.073Z [DEBUG] [Lingo.dev] POST /translations/en
2026-03-14T22:05:38.186Z [DEBUG] [Lingo.dev] Reading request body...
2026-03-14T22:05:38.363Z [DEBUG] [Lingo.dev] Chunk read, body: {"hashes":["19c502d2f3b4","44b718f49fca","23fe19412767","33ff4822e520","b0002eaf0529","0f11d32ded0d","48e3fdfdbacf","1a45bd83b3fb","f9ba29f278ba","103c3dfe4cd5","8ce45c625bd8","54845698dc33"]}
2026-03-14T22:05:38.386Z [DEBUG] [Lingo.dev] Parsed hashes: 19c502d2f3b4,44b718f49fca,23fe19412767,33ff4822e520,b0002eaf0529,0f11d32ded0d,48e3fdfdbacf,1a45bd83b3fb,f9ba29f278ba,103c3dfe4cd5,8ce45c625bd8,54845698dc33
2026-03-14T22:05:38.406Z [DEBUG] [Lingo.dev] Reloaded metadata: 91 entries
2026-03-14T22:05:38.438Z [INFO] [Lingo.dev] 🔄 Translating 12 hashes to en
2026-03-14T22:05:38.593Z [DEBUG] [Lingo.dev] 🔄 Hashes: 19c502d2f3b4, 44b718f49fca, 23fe19412767, 33ff4822e520, b0002eaf0529, 0f11d32ded0d, 48e3fdfdbacf, 1a45bd83b3fb, f9ba29f278ba, 103c3dfe4cd5, 8ce45c625bd8, 54845698dc33
2026-03-14T22:05:38.896Z [DEBUG] [Lingo.dev] [BUSY] Server is now busy (1 active)
2026-03-14T22:05:39.040Z [DEBUG] [Lingo.dev] [IDLE] Server is now idle
2026-03-14T22:05:58.172Z [INFO] [Lingo.dev] 📥 Received: OPTIONS /translations/es
2026-03-14T22:05:58.206Z [INFO] [Lingo.dev] 🔄 Processing: OPTIONS /translations/es
2026-03-14T22:05:58.392Z [DEBUG] [Lingo.dev] OPTIONS /translations/es
2026-03-14T22:05:58.512Z [INFO] [Lingo.dev] 📥 Received: POST /translations/es
2026-03-14T22:05:58.702Z [INFO] [Lingo.dev] 🔄 Processing: POST /translations/es
2026-03-14T22:05:58.930Z [DEBUG] [Lingo.dev] POST /translations/es
2026-03-14T22:05:59.095Z [DEBUG] [Lingo.dev] Reading request body...
2026-03-14T22:05:59.345Z [DEBUG] [Lingo.dev] Chunk read, body: {"hashes":["77ab38435db9","2294209e28e1","425008df0230","0f33042ae1c1","57697fde38d6","b30debe1774f","f1388688c264","9f35ee2be135","11d290f56cf6","9b118f740cc8","19c502d2f3b4","44b718f49fca","23fe19412767","33ff4822e520","b0002eaf0529","0f11d32ded0d","48e3fdfdbacf","1a45bd83b3fb","f9ba29f278ba","103c3dfe4cd5","8ce45c625bd8","54845698dc33"]}
2026-03-14T22:05:59.478Z [DEBUG] [Lingo.dev] Parsed hashes: 77ab38435db9,2294209e28e1,425008df0230,0f33042ae1c1,57697fde38d6,b30debe1774f,f1388688c264,9f35ee2be135,11d290f56cf6,9b118f740cc8,19c502d2f3b4,44b718f49fca,23fe19412767,33ff4822e520,b0002eaf0529,0f11d32ded0d,48e3fdfdbacf,1a45bd83b3fb,f9ba29f278ba,103c3dfe4cd5,8ce45c625bd8,54845698dc33
2026-03-14T22:06:00.014Z [DEBUG] [Lingo.dev] Reloaded metadata: 91 entries
2026-03-14T22:06:00.484Z [INFO] [Lingo.dev] 🔄 Translating 22 hashes to es
2026-03-14T22:06:00.742Z [DEBUG] [Lingo.dev] 🔄 Hashes: 77ab38435db9, 2294209e28e1, 425008df0230, 0f33042ae1c1, 57697fde38d6, b30debe1774f, f1388688c264, 9f35ee2be135, 11d290f56cf6, 9b118f740cc8, 19c502d2f3b4, 44b718f49fca, 23fe19412767, 33ff4822e520, b0002eaf0529, 0f11d32ded0d, 48e3fdfdbacf, 1a45bd83b3fb, f9ba29f278ba, 103c3dfe4cd5, 8ce45c625bd8, 54845698dc33
2026-03-14T22:06:00.887Z [DEBUG] [Lingo.dev] [BUSY] Server is now busy (1 active)
2026-03-14T22:06:09.376Z [DEBUG] [Lingo.dev] [IDLE] Server is now idle
2026-03-14T22:07:02.308Z [INFO] [Lingo.dev] 📥 Received: OPTIONS /translations/es
2026-03-14T22:07:02.499Z [INFO] [Lingo.dev] 🔄 Processing: OPTIONS /translations/es
2026-03-14T22:07:02.563Z [DEBUG] [Lingo.dev] OPTIONS /translations/es
2026-03-14T22:07:02.589Z [INFO] [Lingo.dev] 📥 Received: POST /translations/es
2026-03-14T22:07:02.611Z [INFO] [Lingo.dev] 🔄 Processing: POST /translations/es
2026-03-14T22:07:02.655Z [DEBUG] [Lingo.dev] POST /translations/es
2026-03-14T22:07:02.680Z [DEBUG] [Lingo.dev] Reading request body...
2026-03-14T22:07:02.796Z [DEBUG] [Lingo.dev] Chunk read, body: {"hashes":["225b707b0a96","79fd24abe927","95489fd934f1","e817d22fe046","f2889e1f5a2b","90b9452b7338","416bc4629cf1","b97b3eaecb44","301ea780934f","5aa15e504c23","c897d8dce021","d2bb06da1b7a","bb14705a3206","545e2618d5b7","06099b5ac392","25c0f31bf264","617744a6dc3d","df3225884b6c","965484dfbcc0","b161f3000a5e","9715e1829ebc","907a462d31af","109ce6352f9c","8a2828f15b6a","0fbdfcbb9f23","6609ec5d267d","cc927f57b02a","637a394296a5","111c1b09103e","7e8b9e912d2a","fddf3ea0c2f8","9a53032cd5ef","b8f882e7cd1e","19035fbbaf03","313417c8ec28","a5aea1325748","7227a779c961","a32f44787279","365cea749d2a","df98695d99aa","d3750c9464c2","30f1808edd1b","051163e839bb","fd56797df3e8","6bd6f521a4b3","20b0afb0ac35","066165382bb5","e5114bc8139b","280a3f702c7d","35cceebb50f8","e7e08ae8a5ff","f06ab579f106","a0dd2e395239","599edac8a3c1","af25c4fcbbe2","557512e595a4","8c2fa1f96c36","44a17ceff978","3434d748ff84","413a37bec599","d78b9293181f","3972714b2a4f","f7e4369254e5","2744e0a28183","410c63957e1b","6c869670f7cb","9b170d627191","74719d79ccb2","e611da607b60","665aea6f4c46","5e284c444397","2be5c3119f5f","8e82c4394b44","41be8a83e5ac","a87971bcdb22","cc96c66efed5","c7bbb76653c1","2c1b756ee44b","8f9689b6ac45","a4ead0b14917","c5294e9d7868","21ffebf9faef","06cd82217265","ed9038545cc3","3b01e2f1403a","624466f430bc","ac4d4aa0c599","05653d3acc72","9845af755e02","8d7cbc214b04","0c238192b3fa","f86a7d8fac65","b73e2ef3dfe4","916686c0eb16","c27530d16c5b","509c0eb47f57","4c2a0bf1f107","cb2e7336fb62","4a7c6a36174f","c07d3ec78447","4e59566c24ac","163bc0b8513f","4b4785b4bf99","0ee7564536e8","73e2f667b6f1","39600da957c0","e98d46075ab4","8018f154b5a4","083174c9b048","48cf0d8cad98","0578071df236","f84fa5ea2605"]}
2026-03-14T22:07:02.931Z [DEBUG] [Lingo.dev] Parsed hashes: 225b707b0a96,79fd24abe927,95489fd934f1,e817d22fe046,f2889e1f5a2b,90b9452b7338,416bc4629cf1,b97b3eaecb44,301ea780934f,5aa15e504c23,c897d8dce021,d2bb06da1b7a,bb14705a3206,545e2618d5b7,06099b5ac392,25c0f31bf264,617744a6dc3d,df3225884b6c,965484dfbcc0,b161f3000a5e,9715e1829ebc,907a462d31af,109ce6352f9c,8a2828f15b6a,0fbdfcbb9f23,6609ec5d267d,cc927f57b02a,637a394296a5,111c1b09103e,7e8b9e912d2a,fddf3ea0c2f8,9a53032cd5ef,b8f882e7cd1e,19035fbbaf03,313417c8ec28,a5aea1325748,7227a779c961,a32f44787279,365cea749d2a,df98695d99aa,d3750c9464c2,30f1808edd1b,051163e839bb,fd56797df3e8,6bd6f521a4b3,20b0afb0ac35,066165382bb5,e5114bc8139b,280a3f702c7d,35cceebb50f8,e7e08ae8a5ff,f06ab579f106,a0dd2e395239,599edac8a3c1,af25c4fcbbe2,557512e595a4,8c2fa1f96c36,44a17ceff978,3434d748ff84,413a37bec599,d78b9293181f,3972714b2a4f,f7e4369254e5,2744e0a28183,410c63957e1b,6c869670f7cb,9b170d627191,74719d79ccb2,e611da607b60,665aea6f4c46,5e284c444397,2be5c3119f5f,8e82c4394b44,41be8a83e5ac,a87971bcdb22,cc96c66efed5,c7bbb76653c1,2c1b756ee44b,8f9689b6ac45,a4ead0b14917,c5294e9d7868,21ffebf9faef,06cd82217265,ed9038545cc3,3b01e2f1403a,624466f430bc,ac4d4aa0c599,05653d3acc72,9845af755e02,8d7cbc214b04,0c238192b3fa,f86a7d8fac65,b73e2ef3dfe4,916686c0eb16,c27530d16c5b,509c0eb47f57,4c2a0bf1f107,cb2e7336fb62,4a7c6a36174f,c07d3ec78447,4e59566c24ac,163bc0b8513f,4b4785b4bf99,0ee7564536e8,73e2f667b6f1,39600da957c0,e98d46075ab4,8018f154b5a4,083174c9b048,48cf0d8cad98,0578071df236,f84fa5ea2605
2026-03-14T22:07:02.981Z [DEBUG] [Lingo.dev] Reloaded metadata: 203 entries
2026-03-14T22:07:03.074Z [INFO] [Lingo.dev] 🔄 Translating 112 hashes to es
2026-03-14T22:07:03.165Z [DEBUG] [Lingo.dev] 🔄 Hashes: 225b707b0a96, 79fd24abe927, 95489fd934f1, e817d22fe046, f2889e1f5a2b, 90b9452b7338, 416bc4629cf1, b97b3eaecb44, 301ea780934f, 5aa15e504c23, c897d8dce021, d2bb06da1b7a, bb14705a3206, 545e2618d5b7, 06099b5ac392, 25c0f31bf264, 617744a6dc3d, df3225884b6c, 965484dfbcc0, b161f3000a5e, 9715e1829ebc, 907a462d31af, 109ce6352f9c, 8a2828f15b6a, 0fbdfcbb9f23, 6609ec5d267d, cc927f57b02a, 637a394296a5, 111c1b09103e, 7e8b9e912d2a, fddf3ea0c2f8, 9a53032cd5ef, b8f882e7cd1e, 19035fbbaf03, 313417c8ec28, a5aea1325748, 7227a779c961, a32f44787279, 365cea749d2a, df98695d99aa, d3750c9464c2, 30f1808edd1b, 051163e839bb, fd56797df3e8, 6bd6f521a4b3, 20b0afb0ac35, 066165382bb5, e5114bc8139b, 280a3f702c7d, 35cceebb50f8, e7e08ae8a5ff, f06ab579f106, a0dd2e395239, 599edac8a3c1, af25c4fcbbe2, 557512e595a4, 8c2fa1f96c36, 44a17ceff978, 3434d748ff84, 413a37bec599, d78b9293181f, 3972714b2a4f, f7e4369254e5, 2744e0a28183, 410c63957e1b, 6c869670f7cb, 9b170d627191, 74719d79ccb2, e611da607b60, 665aea6f4c46, 5e284c444397, 2be5c3119f5f, 8e82c4394b44, 41be8a83e5ac, a87971bcdb22, cc96c66efed5, c7bbb76653c1, 2c1b756ee44b, 8f9689b6ac45, a4ead0b14917, c5294e9d7868, 21ffebf9faef, 06cd82217265, ed9038545cc3, 3b01e2f1403a, 624466f430bc, ac4d4aa0c599, 05653d3acc72, 9845af755e02, 8d7cbc214b04, 0c238192b3fa, f86a7d8fac65, b73e2ef3dfe4, 916686c0eb16, c27530d16c5b, 509c0eb47f57, 4c2a0bf1f107, cb2e7336fb62, 4a7c6a36174f, c07d3ec78447, 4e59566c24ac, 163bc0b8513f, 4b4785b4bf99, 0ee7564536e8, 73e2f667b6f1, 39600da957c0, e98d46075ab4, 8018f154b5a4, 083174c9b048, 48cf0d8cad98, 0578071df236, f84fa5ea2605
2026-03-14T22:07:03.269Z [DEBUG] [Lingo.dev] [BUSY] Server is now busy (1 active)
2026-03-14T22:07:34.697Z [DEBUG] [Lingo.dev] [IDLE] Server is now idle
2026-03-14T22:07:47.949Z [INFO] [Lingo.dev] 📥 Received: OPTIONS /translations/en
2026-03-14T22:07:48.017Z [INFO] [Lingo.dev] 🔄 Processing: OPTIONS /translations/en
2026-03-14T22:07:48.075Z [DEBUG] [Lingo.dev] OPTIONS /translations/en
2026-03-14T22:07:48.102Z [INFO] [Lingo.dev] 📥 Received: POST /translations/en
2026-03-14T22:07:48.200Z [INFO] [Lingo.dev] 🔄 Processing: POST /translations/en
2026-03-14T22:07:48.283Z [DEBUG] [Lingo.dev] POST /translations/en
2026-03-14T22:07:48.401Z [DEBUG] [Lingo.dev] Reading request body...
2026-03-14T22:07:48.561Z [DEBUG] [Lingo.dev] Chunk read, body: {"hashes":["77ab38435db9","2294209e28e1","425008df0230","0f33042ae1c1","57697fde38d6","b30debe1774f","f1388688c264","9f35ee2be135","11d290f56cf6","9b118f740cc8","19c502d2f3b4","44b718f49fca","23fe19412767","33ff4822e520","b0002eaf0529","0f11d32ded0d","48e3fdfdbacf","1a45bd83b3fb","f9ba29f278ba","103c3dfe4cd5","8ce45c625bd8","54845698dc33"]}
2026-03-14T22:07:48.699Z [DEBUG] [Lingo.dev] Parsed hashes: 77ab38435db9,2294209e28e1,425008df0230,0f33042ae1c1,57697fde38d6,b30debe1774f,f1388688c264,9f35ee2be135,11d290f56cf6,9b118f740cc8,19c502d2f3b4,44b718f49fca,23fe19412767,33ff4822e520,b0002eaf0529,0f11d32ded0d,48e3fdfdbacf,1a45bd83b3fb,f9ba29f278ba,103c3dfe4cd5,8ce45c625bd8,54845698dc33
2026-03-14T22:07:48.833Z [DEBUG] [Lingo.dev] Reloaded metadata: 203 entries
2026-03-14T22:07:48.921Z [INFO] [Lingo.dev] 🔄 Translating 22 hashes to en
2026-03-14T22:07:49.024Z [DEBUG] [Lingo.dev] 🔄 Hashes: 77ab38435db9, 2294209e28e1, 425008df0230, 0f33042ae1c1, 57697fde38d6, b30debe1774f, f1388688c264, 9f35ee2be135, 11d290f56cf6, 9b118f740cc8, 19c502d2f3b4, 44b718f49fca, 23fe19412767, 33ff4822e520, b0002eaf0529, 0f11d32ded0d, 48e3fdfdbacf, 1a45bd83b3fb, f9ba29f278ba, 103c3dfe4cd5, 8ce45c625bd8, 54845698dc33
2026-03-14T22:07:49.240Z [DEBUG] [Lingo.dev] [BUSY] Server is now busy (1 active)
2026-03-14T22:07:49.288Z [DEBUG] [Lingo.dev] [IDLE] Server is now idle
2026-03-14T22:08:36.771Z [INFO] [Lingo.dev] 📥 Received: OPTIONS /translations/es
2026-03-14T22:08:36.923Z [INFO] [Lingo.dev] 🔄 Processing: OPTIONS /translations/es
2026-03-14T22:08:36.963Z [DEBUG] [Lingo.dev] OPTIONS /translations/es
2026-03-14T22:08:37.039Z [INFO] [Lingo.dev] 📥 Received: POST /translations/es
2026-03-14T22:08:37.118Z [INFO] [Lingo.dev] 🔄 Processing: POST /translations/es
2026-03-14T22:08:37.212Z [DEBUG] [Lingo.dev] POST /translations/es
2026-03-14T22:08:37.315Z [DEBUG] [Lingo.dev] Reading request body...
2026-03-14T22:08:37.429Z [DEBUG] [Lingo.dev] Chunk read, body: {"hashes":["77ab38435db9","2294209e28e1","425008df0230","0f33042ae1c1","57697fde38d6","b30debe1774f","f1388688c264","9f35ee2be135","11d290f56cf6","9b118f740cc8","19c502d2f3b4","44b718f49fca","23fe19412767","33ff4822e520","b0002eaf0529","0f11d32ded0d","48e3fdfdbacf","1a45bd83b3fb","f9ba29f278ba","103c3dfe4cd5","8ce45c625bd8","54845698dc33"]}
2026-03-14T22:08:37.533Z [DEBUG] [Lingo.dev] Parsed hashes: 77ab38435db9,2294209e28e1,425008df0230,0f33042ae1c1,57697fde38d6,b30debe1774f,f1388688c264,9f35ee2be135,11d290f56cf6,9b118f740cc8,19c502d2f3b4,44b718f49fca,23fe19412767,33ff4822e520,b0002eaf0529,0f11d32ded0d,48e3fdfdbacf,1a45bd83b3fb,f9ba29f278ba,103c3dfe4cd5,8ce45c625bd8,54845698dc33
2026-03-14T22:08:37.682Z [DEBUG] [Lingo.dev] Reloaded metadata: 203 entries
2026-03-14T22:08:37.769Z [INFO] [Lingo.dev] 🔄 Translating 22 hashes to es
2026-03-14T22:08:37.819Z [DEBUG] [Lingo.dev] 🔄 Hashes: 77ab38435db9, 2294209e28e1, 425008df0230, 0f33042ae1c1, 57697fde38d6, b30debe1774f, f1388688c264, 9f35ee2be135, 11d290f56cf6, 9b118f740cc8, 19c502d2f3b4, 44b718f49fca, 23fe19412767, 33ff4822e520, b0002eaf0529, 0f11d32ded0d, 48e3fdfdbacf, 1a45bd83b3fb, f9ba29f278ba, 103c3dfe4cd5, 8ce45c625bd8, 54845698dc33
2026-03-14T22:08:37.869Z [DEBUG] [Lingo.dev] [BUSY] Server is now busy (1 active)
2026-03-14T22:08:37.934Z [DEBUG] [Lingo.dev] [IDLE] Server is now idle
2026-03-14T22:08:44.615Z [DEBUG] [Lingo.dev] WebSocket client disconnected. Total clients: 0
2026-03-14T22:10:31.201Z [INFO] [Lingo.dev] 🔧 Initializing translator...
2026-03-14T22:10:31.350Z [DEBUG] [Lingo.dev] Starting translation server on port 60000
2026-03-14T22:10:31.416Z [INFO] [Lingo.dev] Translation server listening on http://127.0.0.1:60000
2026-03-14T22:10:31.418Z [INFO] [Lingo.dev] WebSocket server initialized
2026-03-14T22:10:31.421Z [DEBUG] [Lingo.dev] Reloaded metadata: 370 entries
2026-03-14T22:10:31.442Z [DEBUG] [Lingo.dev] Reloaded metadata: 370 entries
2026-03-14T22:10:31.443Z [DEBUG] [Lingo.dev] Reloaded metadata: 370 entries
2026-03-14T22:10:31.443Z [INFO] [Lingo.dev] Translating all 370 entries to es
2026-03-14T22:10:31.444Z [INFO] [Lingo.dev] Translating all 370 entries to fr
2026-03-14T22:10:31.469Z [INFO] [Lingo.dev] Translating all 370 entries to de
2026-03-14T22:12:07.812Z [INFO] [Lingo.dev] Translation server stopped
2026-03-14T22:12:59.492Z [INFO] [Lingo.dev] Port 60000 is available, starting new server...
2026-03-14T22:13:00.768Z [INFO] [Lingo.dev] 🔧 Initializing translator...
2026-03-14T22:13:00.775Z [DEBUG] [Lingo.dev] Starting translation server on port 60000
2026-03-14T22:13:00.805Z [INFO] [Lingo.dev] Translation server listening on http://127.0.0.1:60000
2026-03-14T22:13:00.808Z [INFO] [Lingo.dev] WebSocket server initialized
2026-03-14T22:13:19.150Z [DEBUG] [Lingo.dev] WebSocket client connected. Total clients: 1
2026-03-14T22:13:19.280Z [INFO] [Lingo.dev] 📥 Received: OPTIONS /translations/en
2026-03-14T22:13:19.368Z [INFO] [Lingo.dev] 🔄 Processing: OPTIONS /translations/en
2026-03-14T22:13:19.375Z [DEBUG] [Lingo.dev] OPTIONS /translations/en
2026-03-14T22:13:19.382Z [INFO] [Lingo.dev] 📥 Received: POST /translations/en
2026-03-14T22:13:19.385Z [INFO] [Lingo.dev] 🔄 Processing: POST /translations/en
2026-03-14T22:13:19.388Z [DEBUG] [Lingo.dev] POST /translations/en
2026-03-14T22:13:19.391Z [DEBUG] [Lingo.dev] Reading request body...
2026-03-14T22:13:19.393Z [DEBUG] [Lingo.dev] Chunk read, body: {"hashes":["77ab38435db9","2294209e28e1","425008df0230","0f33042ae1c1","57697fde38d6","b30debe1774f","7ce12b7afdac","2b558d5fca0c","be2e07ff18a1","eaacdf8777f1","40fa9a830ba7","2fe11bb06f5c","12f52b8082a5","5cd33c6765b0","cce6ff48e14c","158f4d02301c","e20904613057","5ef73d1d1f3f","c5ba4598e453","60e9eb16e116","6d7f27752a73","60a6cef33e66","d8961c2c9645","973f8f1f8c1c","b4b94a55dcb7","6f2e3b1bb865","22b561dca2a6","460a9fbe420c","9325bf3b3b3c","a6dd0e3e99da","3364405965dd","079f07eff90d","18c89c6650df","3ac6a6283b61","abe0fd658e46","39d36262b975","57a29ea82eab","fbe246d94be1","3501a117ff03","82709234f3ae","30f1bceedef9","0c00981b7fcc","5a8dd269586d","39ef34061607","c502f4c87c2f","1b9aac5c2a01","df8f13518f35","47a82d15c1b5","2dbbb34ae9c4","a352cdce61ee","9c2bd6cf6188","e5ecc1e5dfc8","fab3a8a33440","a2964267afa4","7b4688178ef5"]}
2026-03-14T22:13:19.396Z [DEBUG] [Lingo.dev] Parsed hashes: 77ab38435db9,2294209e28e1,425008df0230,0f33042ae1c1,57697fde38d6,b30debe1774f,7ce12b7afdac,2b558d5fca0c,be2e07ff18a1,eaacdf8777f1,40fa9a830ba7,2fe11bb06f5c,12f52b8082a5,5cd33c6765b0,cce6ff48e14c,158f4d02301c,e20904613057,5ef73d1d1f3f,c5ba4598e453,60e9eb16e116,6d7f27752a73,60a6cef33e66,d8961c2c9645,973f8f1f8c1c,b4b94a55dcb7,6f2e3b1bb865,22b561dca2a6,460a9fbe420c,9325bf3b3b3c,a6dd0e3e99da,3364405965dd,079f07eff90d,18c89c6650df,3ac6a6283b61,abe0fd658e46,39d36262b975,57a29ea82eab,fbe246d94be1,3501a117ff03,82709234f3ae,30f1bceedef9,0c00981b7fcc,5a8dd269586d,39ef34061607,c502f4c87c2f,1b9aac5c2a01,df8f13518f35,47a82d15c1b5,2dbbb34ae9c4,a352cdce61ee,9c2bd6cf6188,e5ecc1e5dfc8,fab3a8a33440,a2964267afa4,7b4688178ef5
2026-03-14T22:13:19.399Z [DEBUG] [Lingo.dev] Reloaded metadata: 0 entries
2026-03-14T22:13:19.401Z [INFO] [Lingo.dev] 🔄 Translating 55 hashes to en
2026-03-14T22:13:19.403Z [DEBUG] [Lingo.dev] 🔄 Hashes: 77ab38435db9, 2294209e28e1, 425008df0230, 0f33042ae1c1, 57697fde38d6, b30debe1774f, 7ce12b7afdac, 2b558d5fca0c, be2e07ff18a1, eaacdf8777f1, 40fa9a830ba7, 2fe11bb06f5c, 12f52b8082a5, 5cd33c6765b0, cce6ff48e14c, 158f4d02301c, e20904613057, 5ef73d1d1f3f, c5ba4598e453, 60e9eb16e116, 6d7f27752a73, 60a6cef33e66, d8961c2c9645, 973f8f1f8c1c, b4b94a55dcb7, 6f2e3b1bb865, 22b561dca2a6, 460a9fbe420c, 9325bf3b3b3c, a6dd0e3e99da, 3364405965dd, 079f07eff90d, 18c89c6650df, 3ac6a6283b61, abe0fd658e46, 39d36262b975, 57a29ea82eab, fbe246d94be1, 3501a117ff03, 82709234f3ae, 30f1bceedef9, 0c00981b7fcc, 5a8dd269586d, 39ef34061607, c502f4c87c2f, 1b9aac5c2a01, df8f13518f35, 47a82d15c1b5, 2dbbb34ae9c4, a352cdce61ee, 9c2bd6cf6188, e5ecc1e5dfc8, fab3a8a33440, a2964267afa4, 7b4688178ef5
2026-03-14T22:13:19.405Z [DEBUG] [Lingo.dev] [BUSY] Server is now busy (1 active)
2026-03-14T22:13:19.892Z [DEBUG] [Lingo.dev] [IDLE] Server is now idle
2026-03-14T22:13:29.086Z [INFO] [Lingo.dev] 📥 Received: OPTIONS /translations/en
2026-03-14T22:13:29.519Z [INFO] [Lingo.dev] 🔄 Processing: OPTIONS /translations/en
2026-03-14T22:13:29.570Z [DEBUG] [Lingo.dev] OPTIONS /translations/en
2026-03-14T22:13:29.605Z [INFO] [Lingo.dev] 📥 Received: POST /translations/en
2026-03-14T22:13:29.668Z [INFO] [Lingo.dev] 🔄 Processing: POST /translations/en
2026-03-14T22:13:29.784Z [DEBUG] [Lingo.dev] POST /translations/en
2026-03-14T22:13:29.930Z [DEBUG] [Lingo.dev] Reading request body...
2026-03-14T22:13:30.038Z [DEBUG] [Lingo.dev] Chunk read, body: {"hashes":["5ffb95a2f6db","289d9ebe7ca4","313af42985fa","26f59ad2c7d3","c3ba0d70f6af","bbc5e5c6dcee","10c735393131","b63a8c67ba9e","a63d5e6a099b","6eb6ff154c29","67741e4c9bd4","3c088a22309b","05ab5a4032d8","b11dba68bb9b","6d05ad4c0161","1082c4649be9","459ec69915fc","bdb257a2c22a","d24570561f92","4e133fbf3242","c38c7a6bd5cd","093ecefe44b1","811b5bf80a70","ec42c1d23c4c","beec0f7cd4b5","ef69870cab90","af05a4a45291","fcdfb72f35d4","e23c49f3fc75","b53989f9f656","e7495c52244b","a516142ed2e7","141e9862a970","54e5a78d6208","87c91b935c3a","cfd538172a55","7a47543a2790","429159f6980e","248f30423cee","db199dc4c30f","b421f8f639a0","4339ddbfea49","0619d999acf8","aa04a0050fea","78ddc895dba9","aa39eb56ab70","40993c215561","60204d92364d"]}
2026-03-14T22:13:30.262Z [DEBUG] [Lingo.dev] Parsed hashes: 5ffb95a2f6db,289d9ebe7ca4,313af42985fa,26f59ad2c7d3,c3ba0d70f6af,bbc5e5c6dcee,10c735393131,b63a8c67ba9e,a63d5e6a099b,6eb6ff154c29,67741e4c9bd4,3c088a22309b,05ab5a4032d8,b11dba68bb9b,6d05ad4c0161,1082c4649be9,459ec69915fc,bdb257a2c22a,d24570561f92,4e133fbf3242,c38c7a6bd5cd,093ecefe44b1,811b5bf80a70,ec42c1d23c4c,beec0f7cd4b5,ef69870cab90,af05a4a45291,fcdfb72f35d4,e23c49f3fc75,b53989f9f656,e7495c52244b,a516142ed2e7,141e9862a970,54e5a78d6208,87c91b935c3a,cfd538172a55,7a47543a2790,429159f6980e,248f30423cee,db199dc4c30f,b421f8f639a0,4339ddbfea49,0619d999acf8,aa04a0050fea,78ddc895dba9,aa39eb56ab70,40993c215561,60204d92364d
2026-03-14T22:13:30.420Z [DEBUG] [Lingo.dev] Reloaded metadata: 0 entries
2026-03-14T22:13:30.500Z [INFO] [Lingo.dev] 🔄 Translating 48 hashes to en
2026-03-14T22:13:30.565Z [DEBUG] [Lingo.dev] 🔄 Hashes: 5ffb95a2f6db, 289d9ebe7ca4, 313af42985fa, 26f59ad2c7d3, c3ba0d70f6af, bbc5e5c6dcee, 10c735393131, b63a8c67ba9e, a63d5e6a099b, 6eb6ff154c29, 67741e4c9bd4, 3c088a22309b, 05ab5a4032d8, b11dba68bb9b, 6d05ad4c0161, 1082c4649be9, 459ec69915fc, bdb257a2c22a, d24570561f92, 4e133fbf3242, c38c7a6bd5cd, 093ecefe44b1, 811b5bf80a70, ec42c1d23c4c, beec0f7cd4b5, ef69870cab90, af05a4a45291, fcdfb72f35d4, e23c49f3fc75, b53989f9f656, e7495c52244b, a516142ed2e7, 141e9862a970, 54e5a78d6208, 87c91b935c3a, cfd538172a55, 7a47543a2790, 429159f6980e, 248f30423cee, db199dc4c30f, b421f8f639a0, 4339ddbfea49, 0619d999acf8, aa04a0050fea, 78ddc895dba9, aa39eb56ab70, 40993c215561, 60204d92364d
2026-03-14T22:13:30.639Z [DEBUG] [Lingo.dev] [BUSY] Server is now busy (1 active)
2026-03-14T22:13:30.714Z [DEBUG] [Lingo.dev] [IDLE] Server is now idle
2026-03-14T22:13:44.035Z [INFO] [Lingo.dev] 📥 Received: OPTIONS /translations/es
2026-03-14T22:13:44.079Z [INFO] [Lingo.dev] 🔄 Processing: OPTIONS /translations/es
2026-03-14T22:13:44.132Z [DEBUG] [Lingo.dev] OPTIONS /translations/es
2026-03-14T22:13:44.205Z [INFO] [Lingo.dev] 📥 Received: POST /translations/es
2026-03-14T22:13:44.237Z [INFO] [Lingo.dev] 🔄 Processing: POST /translations/es
2026-03-14T22:13:44.322Z [DEBUG] [Lingo.dev] POST /translations/es
2026-03-14T22:13:44.408Z [DEBUG] [Lingo.dev] Reading request body...
2026-03-14T22:13:44.547Z [DEBUG] [Lingo.dev] Chunk read, body: {"hashes":["77ab38435db9","2294209e28e1","425008df0230","0f33042ae1c1","57697fde38d6","b30debe1774f","7ce12b7afdac","2b558d5fca0c","be2e07ff18a1","eaacdf8777f1","40fa9a830ba7","2fe11bb06f5c","12f52b8082a5","5cd33c6765b0","cce6ff48e14c","158f4d02301c","e20904613057","5ef73d1d1f3f","c5ba4598e453","60e9eb16e116","6d7f27752a73","60a6cef33e66","d8961c2c9645","973f8f1f8c1c","b4b94a55dcb7","6f2e3b1bb865","22b561dca2a6","460a9fbe420c","9325bf3b3b3c","a6dd0e3e99da","3364405965dd","079f07eff90d","18c89c6650df","3ac6a6283b61","abe0fd658e46","39d36262b975","57a29ea82eab","fbe246d94be1","3501a117ff03","82709234f3ae","30f1bceedef9","0c00981b7fcc","5a8dd269586d","39ef34061607","c502f4c87c2f","1b9aac5c2a01","df8f13518f35","47a82d15c1b5","2dbbb34ae9c4","a352cdce61ee","9c2bd6cf6188","e5ecc1e5dfc8","fab3a8a33440","a2964267afa4","7b4688178ef5","5ffb95a2f6db","289d9ebe7ca4","313af42985fa","26f59ad2c7d3","c3ba0d70f6af","bbc5e5c6dcee","10c735393131","b63a8c67ba9e","a63d5e6a099b","6eb6ff154c29","67741e4c9bd4","3c088a22309b","05ab5a4032d8","b11dba68bb9b","6d05ad4c0161","1082c4649be9","459ec69915fc","bdb257a2c22a","d24570561f92","4e133fbf3242","c38c7a6bd5cd","093ecefe44b1","811b5bf80a70","ec42c1d23c4c","beec0f7cd4b5","ef69870cab90","af05a4a45291","fcdfb72f35d4","e23c49f3fc75","b53989f9f656","e7495c52244b","a516142ed2e7","141e9862a970","54e5a78d6208","87c91b935c3a","cfd538172a55","7a47543a2790","429159f6980e","248f30423cee","db199dc4c30f","b421f8f639a0","4339ddbfea49","0619d999acf8","aa04a0050fea","78ddc895dba9","aa39eb56ab70","40993c215561","60204d92364d"]}
2026-03-14T22:13:44.638Z [DEBUG] [Lingo.dev] Parsed hashes: 77ab38435db9,2294209e28e1,425008df0230,0f33042ae1c1,57697fde38d6,b30debe1774f,7ce12b7afdac,2b558d5fca0c,be2e07ff18a1,eaacdf8777f1,40fa9a830ba7,2fe11bb06f5c,12f52b8082a5,5cd33c6765b0,cce6ff48e14c,158f4d02301c,e20904613057,5ef73d1d1f3f,c5ba4598e453,60e9eb16e116,6d7f27752a73,60a6cef33e66,d8961c2c9645,973f8f1f8c1c,b4b94a55dcb7,6f2e3b1bb865,22b561dca2a6,460a9fbe420c,9325bf3b3b3c,a6dd0e3e99da,3364405965dd,079f07eff90d,18c89c6650df,3ac6a6283b61,abe0fd658e46,39d36262b975,57a29ea82eab,fbe246d94be1,3501a117ff03,82709234f3ae,30f1bceedef9,0c00981b7fcc,5a8dd269586d,39ef34061607,c502f4c87c2f,1b9aac5c2a01,df8f13518f35,47a82d15c1b5,2dbbb34ae9c4,a352cdce61ee,9c2bd6cf6188,e5ecc1e5dfc8,fab3a8a33440,a2964267afa4,7b4688178ef5,5ffb95a2f6db,289d9ebe7ca4,313af42985fa,26f59ad2c7d3,c3ba0d70f6af,bbc5e5c6dcee,10c735393131,b63a8c67ba9e,a63d5e6a099b,6eb6ff154c29,67741e4c9bd4,3c088a22309b,05ab5a4032d8,b11dba68bb9b,6d05ad4c0161,1082c4649be9,459ec69915fc,bdb257a2c22a,d24570561f92,4e133fbf3242,c38c7a6bd5cd,093ecefe44b1,811b5bf80a70,ec42c1d23c4c,beec0f7cd4b5,ef69870cab90,af05a4a45291,fcdfb72f35d4,e23c49f3fc75,b53989f9f656,e7495c52244b,a516142ed2e7,141e9862a970,54e5a78d6208,87c91b935c3a,cfd538172a55,7a47543a2790,429159f6980e,248f30423cee,db199dc4c30f,b421f8f639a0,4339ddbfea49,0619d999acf8,aa04a0050fea,78ddc895dba9,aa39eb56ab70,40993c215561,60204d92364d
2026-03-14T22:13:44.735Z [DEBUG] [Lingo.dev] Reloaded metadata: 0 entries
2026-03-14T22:13:44.788Z [INFO] [Lingo.dev] 🔄 Translating 103 hashes to es
2026-03-14T22:13:44.875Z [DEBUG] [Lingo.dev] 🔄 Hashes: 77ab38435db9, 2294209e28e1, 425008df0230, 0f33042ae1c1, 57697fde38d6, b30debe1774f, 7ce12b7afdac, 2b558d5fca0c, be2e07ff18a1, eaacdf8777f1, 40fa9a830ba7, 2fe11bb06f5c, 12f52b8082a5, 5cd33c6765b0, cce6ff48e14c, 158f4d02301c, e20904613057, 5ef73d1d1f3f, c5ba4598e453, 60e9eb16e116, 6d7f27752a73, 60a6cef33e66, d8961c2c9645, 973f8f1f8c1c, b4b94a55dcb7, 6f2e3b1bb865, 22b561dca2a6, 460a9fbe420c, 9325bf3b3b3c, a6dd0e3e99da, 3364405965dd, 079f07eff90d, 18c89c6650df, 3ac6a6283b61, abe0fd658e46, 39d36262b975, 57a29ea82eab, fbe246d94be1, 3501a117ff03, 82709234f3ae, 30f1bceedef9, 0c00981b7fcc, 5a8dd269586d, 39ef34061607, c502f4c87c2f, 1b9aac5c2a01, df8f13518f35, 47a82d15c1b5, 2dbbb34ae9c4, a352cdce61ee, 9c2bd6cf6188, e5ecc1e5dfc8, fab3a8a33440, a2964267afa4, 7b4688178ef5, 5ffb95a2f6db, 289d9ebe7ca4, 313af42985fa, 26f59ad2c7d3, c3ba0d70f6af, bbc5e5c6dcee, 10c735393131, b63a8c67ba9e, a63d5e6a099b, 6eb6ff154c29, 67741e4c9bd4, 3c088a22309b, 05ab5a4032d8, b11dba68bb9b, 6d05ad4c0161, 1082c4649be9, 459ec69915fc, bdb257a2c22a, d24570561f92, 4e133fbf3242, c38c7a6bd5cd, 093ecefe44b1, 811b5bf80a70, ec42c1d23c4c, beec0f7cd4b5, ef69870cab90, af05a4a45291, fcdfb72f35d4, e23c49f3fc75, b53989f9f656, e7495c52244b, a516142ed2e7, 141e9862a970, 54e5a78d6208, 87c91b935c3a, cfd538172a55, 7a47543a2790, 429159f6980e, 248f30423cee, db199dc4c30f, b421f8f639a0, 4339ddbfea49, 0619d999acf8, aa04a0050fea, 78ddc895dba9, aa39eb56ab70, 40993c215561, 60204d92364d
2026-03-14T22:13:44.949Z [DEBUG] [Lingo.dev] [BUSY] Server is now busy (1 active)
2026-03-14T22:13:45.097Z [DEBUG] [Lingo.dev] [IDLE] Server is now idle
2026-03-14T22:13:50.298Z [INFO] [Lingo.dev] 📥 Received: OPTIONS /translations/fr
2026-03-14T22:13:50.336Z [INFO] [Lingo.dev] 🔄 Processing: OPTIONS /translations/fr
2026-03-14T22:13:50.361Z [DEBUG] [Lingo.dev] OPTIONS /translations/fr
2026-03-14T22:13:50.419Z [INFO] [Lingo.dev] 📥 Received: POST /translations/fr
2026-03-14T22:13:50.470Z [INFO] [Lingo.dev] 🔄 Processing: POST /translations/fr
2026-03-14T22:13:50.519Z [DEBUG] [Lingo.dev] POST /translations/fr
2026-03-14T22:13:50.590Z [DEBUG] [Lingo.dev] Reading request body...
2026-03-14T22:13:50.648Z [DEBUG] [Lingo.dev] Chunk read, body: {"hashes":["77ab38435db9","2294209e28e1","425008df0230","0f33042ae1c1","57697fde38d6","b30debe1774f","7ce12b7afdac","2b558d5fca0c","be2e07ff18a1","eaacdf8777f1","40fa9a830ba7","2fe11bb06f5c","12f52b8082a5","5cd33c6765b0","cce6ff48e14c","158f4d02301c","e20904613057","5ef73d1d1f3f","c5ba4598e453","60e9eb16e116","6d7f27752a73","60a6cef33e66","d8961c2c9645","973f8f1f8c1c","b4b94a55dcb7","6f2e3b1bb865","22b561dca2a6","460a9fbe420c","9325bf3b3b3c","a6dd0e3e99da","3364405965dd","079f07eff90d","18c89c6650df","3ac6a6283b61","abe0fd658e46","39d36262b975","57a29ea82eab","fbe246d94be1","3501a117ff03","82709234f3ae","30f1bceedef9","0c00981b7fcc","5a8dd269586d","39ef34061607","c502f4c87c2f","1b9aac5c2a01","df8f13518f35","47a82d15c1b5","2dbbb34ae9c4","a352cdce61ee","9c2bd6cf6188","e5ecc1e5dfc8","fab3a8a33440","a2964267afa4","7b4688178ef5","5ffb95a2f6db","289d9ebe7ca4","313af42985fa","26f59ad2c7d3","c3ba0d70f6af","bbc5e5c6dcee","10c735393131","b63a8c67ba9e","a63d5e6a099b","6eb6ff154c29","67741e4c9bd4","3c088a22309b","05ab5a4032d8","b11dba68bb9b","6d05ad4c0161","1082c4649be9","459ec69915fc","bdb257a2c22a","d24570561f92","4e133fbf3242","c38c7a6bd5cd","093ecefe44b1","811b5bf80a70","ec42c1d23c4c","beec0f7cd4b5","ef69870cab90","af05a4a45291","fcdfb72f35d4","e23c49f3fc75","b53989f9f656","e7495c52244b","a516142ed2e7","141e9862a970","54e5a78d6208","87c91b935c3a","cfd538172a55","7a47543a2790","429159f6980e","248f30423cee","db199dc4c30f","b421f8f639a0","4339ddbfea49","0619d999acf8","aa04a0050fea","78ddc895dba9","aa39eb56ab70","40993c215561","60204d92364d"]}
2026-03-14T22:13:50.741Z [DEBUG] [Lingo.dev] Parsed hashes: 77ab38435db9,2294209e28e1,425008df0230,0f33042ae1c1,57697fde38d6,b30debe1774f,7ce12b7afdac,2b558d5fca0c,be2e07ff18a1,eaacdf8777f1,40fa9a830ba7,2fe11bb06f5c,12f52b8082a5,5cd33c6765b0,cce6ff48e14c,158f4d02301c,e20904613057,5ef73d1d1f3f,c5ba4598e453,60e9eb16e116,6d7f27752a73,60a6cef33e66,d8961c2c9645,973f8f1f8c1c,b4b94a55dcb7,6f2e3b1bb865,22b561dca2a6,460a9fbe420c,9325bf3b3b3c,a6dd0e3e99da,3364405965dd,079f07eff90d,18c89c6650df,3ac6a6283b61,abe0fd658e46,39d36262b975,57a29ea82eab,fbe246d94be1,3501a117ff03,82709234f3ae,30f1bceedef9,0c00981b7fcc,5a8dd269586d,39ef34061607,c502f4c87c2f,1b9aac5c2a01,df8f13518f35,47a82d15c1b5,2dbbb34ae9c4,a352cdce61ee,9c2bd6cf6188,e5ecc1e5dfc8,fab3a8a33440,a2964267afa4,7b4688178ef5,5ffb95a2f6db,289d9ebe7ca4,313af42985fa,26f59ad2c7d3,c3ba0d70f6af,bbc5e5c6dcee,10c735393131,b63a8c67ba9e,a63d5e6a099b,6eb6ff154c29,67741e4c9bd4,3c088a22309b,05ab5a4032d8,b11dba68bb9b,6d05ad4c0161,1082c4649be9,459ec69915fc,bdb257a2c22a,d24570561f92,4e133fbf3242,c38c7a6bd5cd,093ecefe44b1,811b5bf80a70,ec42c1d23c4c,beec0f7cd4b5,ef69870cab90,af05a4a45291,fcdfb72f35d4,e23c49f3fc75,b53989f9f656,e7495c52244b,a516142ed2e7,141e9862a970,54e5a78d6208,87c91b935c3a,cfd538172a55,7a47543a2790,429159f6980e,248f30423cee,db199dc4c30f,b421f8f639a0,4339ddbfea49,0619d999acf8,aa04a0050fea,78ddc895dba9,aa39eb56ab70,40993c215561,60204d92364d
2026-03-14T22:13:50.820Z [DEBUG] [Lingo.dev] Reloaded metadata: 0 entries
2026-03-14T22:13:50.918Z [INFO] [Lingo.dev] 🔄 Translating 103 hashes to fr
2026-03-14T22:13:51.020Z [DEBUG] [Lingo.dev] 🔄 Hashes: 77ab38435db9, 2294209e28e1, 425008df0230, 0f33042ae1c1, 57697fde38d6, b30debe1774f, 7ce12b7afdac, 2b558d5fca0c, be2e07ff18a1, eaacdf8777f1, 40fa9a830ba7, 2fe11bb06f5c, 12f52b8082a5, 5cd33c6765b0, cce6ff48e14c, 158f4d02301c, e20904613057, 5ef73d1d1f3f, c5ba4598e453, 60e9eb16e116, 6d7f27752a73, 60a6cef33e66, d8961c2c9645, 973f8f1f8c1c, b4b94a55dcb7, 6f2e3b1bb865, 22b561dca2a6, 460a9fbe420c, 9325bf3b3b3c, a6dd0e3e99da, 3364405965dd, 079f07eff90d, 18c89c6650df, 3ac6a6283b61, abe0fd658e46, 39d36262b975, 57a29ea82eab, fbe246d94be1, 3501a117ff03, 82709234f3ae, 30f1bceedef9, 0c00981b7fcc, 5a8dd269586d, 39ef34061607, c502f4c87c2f, 1b9aac5c2a01, df8f13518f35, 47a82d15c1b5, 2dbbb34ae9c4, a352cdce61ee, 9c2bd6cf6188, e5ecc1e5dfc8, fab3a8a33440, a2964267afa4, 7b4688178ef5, 5ffb95a2f6db, 289d9ebe7ca4, 313af42985fa, 26f59ad2c7d3, c3ba0d70f6af, bbc5e5c6dcee, 10c735393131, b63a8c67ba9e, a63d5e6a099b, 6eb6ff154c29, 67741e4c9bd4, 3c088a22309b, 05ab5a4032d8, b11dba68bb9b, 6d05ad4c0161, 1082c4649be9, 459ec69915fc, bdb257a2c22a, d24570561f92, 4e133fbf3242, c38c7a6bd5cd, 093ecefe44b1, 811b5bf80a70, ec42c1d23c4c, beec0f7cd4b5, ef69870cab90, af05a4a45291, fcdfb72f35d4, e23c49f3fc75, b53989f9f656, e7495c52244b, a516142ed2e7, 141e9862a970, 54e5a78d6208, 87c91b935c3a, cfd538172a55, 7a47543a2790, 429159f6980e, 248f30423cee, db199dc4c30f, b421f8f639a0, 4339ddbfea49, 0619d999acf8, aa04a0050fea, 78ddc895dba9, aa39eb56ab70, 40993c215561, 60204d92364d
2026-03-14T22:13:51.156Z [DEBUG] [Lingo.dev] [BUSY] Server is now busy (1 active)
2026-03-14T22:13:51.258Z [DEBUG] [Lingo.dev] [IDLE] Server is now idle
2026-03-14T22:13:53.770Z [INFO] [Lingo.dev] 📥 Received: OPTIONS /translations/de
2026-03-14T22:13:53.808Z [INFO] [Lingo.dev] 🔄 Processing: OPTIONS /translations/de
2026-03-14T22:13:53.839Z [DEBUG] [Lingo.dev] OPTIONS /translations/de
2026-03-14T22:13:53.856Z [INFO] [Lingo.dev] 📥 Received: POST /translations/de
2026-03-14T22:13:53.883Z [INFO] [Lingo.dev] 🔄 Processing: POST /translations/de
2026-03-14T22:13:53.948Z [DEBUG] [Lingo.dev] POST /translations/de
2026-03-14T22:13:54.089Z [DEBUG] [Lingo.dev] Reading request body...
2026-03-14T22:13:54.166Z [DEBUG] [Lingo.dev] Chunk read, body: {"hashes":["77ab38435db9","2294209e28e1","425008df0230","0f33042ae1c1","57697fde38d6","b30debe1774f","7ce12b7afdac","2b558d5fca0c","be2e07ff18a1","eaacdf8777f1","40fa9a830ba7","2fe11bb06f5c","12f52b8082a5","5cd33c6765b0","cce6ff48e14c","158f4d02301c","e20904613057","5ef73d1d1f3f","c5ba4598e453","60e9eb16e116","6d7f27752a73","60a6cef33e66","d8961c2c9645","973f8f1f8c1c","b4b94a55dcb7","6f2e3b1bb865","22b561dca2a6","460a9fbe420c","9325bf3b3b3c","a6dd0e3e99da","3364405965dd","079f07eff90d","18c89c6650df","3ac6a6283b61","abe0fd658e46","39d36262b975","57a29ea82eab","fbe246d94be1","3501a117ff03","82709234f3ae","30f1bceedef9","0c00981b7fcc","5a8dd269586d","39ef34061607","c502f4c87c2f","1b9aac5c2a01","df8f13518f35","47a82d15c1b5","2dbbb34ae9c4","a352cdce61ee","9c2bd6cf6188","e5ecc1e5dfc8","fab3a8a33440","a2964267afa4","7b4688178ef5","5ffb95a2f6db","289d9ebe7ca4","313af42985fa","26f59ad2c7d3","c3ba0d70f6af","bbc5e5c6dcee","10c735393131","b63a8c67ba9e","a63d5e6a099b","6eb6ff154c29","67741e4c9bd4","3c088a22309b","05ab5a4032d8","b11dba68bb9b","6d05ad4c0161","1082c4649be9","459ec69915fc","bdb257a2c22a","d24570561f92","4e133fbf3242","c38c7a6bd5cd","093ecefe44b1","811b5bf80a70","ec42c1d23c4c","beec0f7cd4b5","ef69870cab90","af05a4a45291","fcdfb72f35d4","e23c49f3fc75","b53989f9f656","e7495c52244b","a516142ed2e7","141e9862a970","54e5a78d6208","87c91b935c3a","cfd538172a55","7a47543a2790","429159f6980e","248f30423cee","db199dc4c30f","b421f8f639a0","4339ddbfea49","0619d999acf8","aa04a0050fea","78ddc895dba9","aa39eb56ab70","40993c215561","60204d92364d"]}
2026-03-14T22:13:54.237Z [DEBUG] [Lingo.dev] Parsed hashes: 77ab38435db9,2294209e28e1,425008df0230,0f33042ae1c1,57697fde38d6,b30debe1774f,7ce12b7afdac,2b558d5fca0c,be2e07ff18a1,eaacdf8777f1,40fa9a830ba7,2fe11bb06f5c,12f52b8082a5,5cd33c6765b0,cce6ff48e14c,158f4d02301c,e20904613057,5ef73d1d1f3f,c5ba4598e453,60e9eb16e116,6d7f27752a73,60a6cef33e66,d8961c2c9645,973f8f1f8c1c,b4b94a55dcb7,6f2e3b1bb865,22b561dca2a6,460a9fbe420c,9325bf3b3b3c,a6dd0e3e99da,3364405965dd,079f07eff90d,18c89c6650df,3ac6a6283b61,abe0fd658e46,39d36262b975,57a29ea82eab,fbe246d94be1,3501a117ff03,82709234f3ae,30f1bceedef9,0c00981b7fcc,5a8dd269586d,39ef34061607,c502f4c87c2f,1b9aac5c2a01,df8f13518f35,47a82d15c1b5,2dbbb34ae9c4,a352cdce61ee,9c2bd6cf6188,e5ecc1e5dfc8,fab3a8a33440,a2964267afa4,7b4688178ef5,5ffb95a2f6db,289d9ebe7ca4,313af42985fa,26f59ad2c7d3,c3ba0d70f6af,bbc5e5c6dcee,10c735393131,b63a8c67ba9e,a63d5e6a099b,6eb6ff154c29,67741e4c9bd4,3c088a22309b,05ab5a4032d8,b11dba68bb9b,6d05ad4c0161,1082c4649be9,459ec69915fc,bdb257a2c22a,d24570561f92,4e133fbf3242,c38c7a6bd5cd,093ecefe44b1,811b5bf80a70,ec42c1d23c4c,beec0f7cd4b5,ef69870cab90,af05a4a45291,fcdfb72f35d4,e23c49f3fc75,b53989f9f656,e7495c52244b,a516142ed2e7,141e9862a970,54e5a78d6208,87c91b935c3a,cfd538172a55,7a47543a2790,429159f6980e,248f30423cee,db199dc4c30f,b421f8f639a0,4339ddbfea49,0619d999acf8,aa04a0050fea,78ddc895dba9,aa39eb56ab70,40993c215561,60204d92364d
2026-03-14T22:13:54.322Z [DEBUG] [Lingo.dev] Reloaded metadata: 0 entries
2026-03-14T22:13:54.388Z [INFO] [Lingo.dev] 🔄 Translating 103 hashes to de
2026-03-14T22:13:54.508Z [DEBUG] [Lingo.dev] 🔄 Hashes: 77ab38435db9, 2294209e28e1, 425008df0230, 0f33042ae1c1, 57697fde38d6, b30debe1774f, 7ce12b7afdac, 2b558d5fca0c, be2e07ff18a1, eaacdf8777f1, 40fa9a830ba7, 2fe11bb06f5c, 12f52b8082a5, 5cd33c6765b0, cce6ff48e14c, 158f4d02301c, e20904613057, 5ef73d1d1f3f, c5ba4598e453, 60e9eb16e116, 6d7f27752a73, 60a6cef33e66, d8961c2c9645, 973f8f1f8c1c, b4b94a55dcb7, 6f2e3b1bb865, 22b561dca2a6, 460a9fbe420c, 9325bf3b3b3c, a6dd0e3e99da, 3364405965dd, 079f07eff90d, 18c89c6650df, 3ac6a6283b61, abe0fd658e46, 39d36262b975, 57a29ea82eab, fbe246d94be1, 3501a117ff03, 82709234f3ae, 30f1bceedef9, 0c00981b7fcc, 5a8dd269586d, 39ef34061607, c502f4c87c2f, 1b9aac5c2a01, df8f13518f35, 47a82d15c1b5, 2dbbb34ae9c4, a352cdce61ee, 9c2bd6cf6188, e5ecc1e5dfc8, fab3a8a33440, a2964267afa4, 7b4688178ef5, 5ffb95a2f6db, 289d9ebe7ca4, 313af42985fa, 26f59ad2c7d3, c3ba0d70f6af, bbc5e5c6dcee, 10c735393131, b63a8c67ba9e, a63d5e6a099b, 6eb6ff154c29, 67741e4c9bd4, 3c088a22309b, 05ab5a4032d8, b11dba68bb9b, 6d05ad4c0161, 1082c4649be9, 459ec69915fc, bdb257a2c22a, d24570561f92, 4e133fbf3242, c38c7a6bd5cd, 093ecefe44b1, 811b5bf80a70, ec42c1d23c4c, beec0f7cd4b5, ef69870cab90, af05a4a45291, fcdfb72f35d4, e23c49f3fc75, b53989f9f656, e7495c52244b, a516142ed2e7, 141e9862a970, 54e5a78d6208, 87c91b935c3a, cfd538172a55, 7a47543a2790, 429159f6980e, 248f30423cee, db199dc4c30f, b421f8f639a0, 4339ddbfea49, 0619d999acf8, aa04a0050fea, 78ddc895dba9, aa39eb56ab70, 40993c215561, 60204d92364d
2026-03-14T22:13:54.648Z [DEBUG] [Lingo.dev] [BUSY] Server is now busy (1 active)
2026-03-14T22:13:54.752Z [DEBUG] [Lingo.dev] [IDLE] Server is now idle
2026-03-14T22:13:57.691Z [INFO] [Lingo.dev] 📥 Received: OPTIONS /translations/en
2026-03-14T22:13:57.744Z [INFO] [Lingo.dev] 🔄 Processing: OPTIONS /translations/en
2026-03-14T22:13:57.766Z [DEBUG] [Lingo.dev] OPTIONS /translations/en
2026-03-14T22:13:57.775Z [INFO] [Lingo.dev] 📥 Received: POST /translations/en
2026-03-14T22:13:57.797Z [INFO] [Lingo.dev] 🔄 Processing: POST /translations/en
2026-03-14T22:13:57.839Z [DEBUG] [Lingo.dev] POST /translations/en
2026-03-14T22:13:57.920Z [DEBUG] [Lingo.dev] Reading request body...
2026-03-14T22:13:58.005Z [DEBUG] [Lingo.dev] Chunk read, body: {"hashes":["77ab38435db9","2294209e28e1","425008df0230","0f33042ae1c1","57697fde38d6","b30debe1774f","7ce12b7afdac","2b558d5fca0c","be2e07ff18a1","eaacdf8777f1","40fa9a830ba7","2fe11bb06f5c","12f52b8082a5","5cd33c6765b0","cce6ff48e14c","158f4d02301c","e20904613057","5ef73d1d1f3f","c5ba4598e453","60e9eb16e116","6d7f27752a73","60a6cef33e66","d8961c2c9645","973f8f1f8c1c","b4b94a55dcb7","6f2e3b1bb865","22b561dca2a6","460a9fbe420c","9325bf3b3b3c","a6dd0e3e99da","3364405965dd","079f07eff90d","18c89c6650df","3ac6a6283b61","abe0fd658e46","39d36262b975","57a29ea82eab","fbe246d94be1","3501a117ff03","82709234f3ae","30f1bceedef9","0c00981b7fcc","5a8dd269586d","39ef34061607","c502f4c87c2f","1b9aac5c2a01","df8f13518f35","47a82d15c1b5","2dbbb34ae9c4","a352cdce61ee","9c2bd6cf6188","e5ecc1e5dfc8","fab3a8a33440","a2964267afa4","7b4688178ef5","5ffb95a2f6db","289d9ebe7ca4","313af42985fa","26f59ad2c7d3","c3ba0d70f6af","bbc5e5c6dcee","10c735393131","b63a8c67ba9e","a63d5e6a099b","6eb6ff154c29","67741e4c9bd4","3c088a22309b","05ab5a4032d8","b11dba68bb9b","6d05ad4c0161","1082c4649be9","459ec69915fc","bdb257a2c22a","d24570561f92","4e133fbf3242","c38c7a6bd5cd","093ecefe44b1","811b5bf80a70","ec42c1d23c4c","beec0f7cd4b5","ef69870cab90","af05a4a45291","fcdfb72f35d4","e23c49f3fc75","b53989f9f656","e7495c52244b","a516142ed2e7","141e9862a970","54e5a78d6208","87c91b935c3a","cfd538172a55","7a47543a2790","429159f6980e","248f30423cee","db199dc4c30f","b421f8f639a0","4339ddbfea49","0619d999acf8","aa04a0050fea","78ddc895dba9","aa39eb56ab70","40993c215561","60204d92364d"]}
2026-03-14T22:13:58.072Z [DEBUG] [Lingo.dev] Parsed hashes: 77ab38435db9,2294209e28e1,425008df0230,0f33042ae1c1,57697fde38d6,b30debe1774f,7ce12b7afdac,2b558d5fca0c,be2e07ff18a1,eaacdf8777f1,40fa9a830ba7,2fe11bb06f5c,12f52b8082a5,5cd33c6765b0,cce6ff48e14c,158f4d02301c,e20904613057,5ef73d1d1f3f,c5ba4598e453,60e9eb16e116,6d7f27752a73,60a6cef33e66,d8961c2c9645,973f8f1f8c1c,b4b94a55dcb7,6f2e3b1bb865,22b561dca2a6,460a9fbe420c,9325bf3b3b3c,a6dd0e3e99da,3364405965dd,079f07eff90d,18c89c6650df,3ac6a6283b61,abe0fd658e46,39d36262b975,57a29ea82eab,fbe246d94be1,3501a117ff03,82709234f3ae,30f1bceedef9,0c00981b7fcc,5a8dd269586d,39ef34061607,c502f4c87c2f,1b9aac5c2a01,df8f13518f35,47a82d15c1b5,2dbbb34ae9c4,a352cdce61ee,9c2bd6cf6188,e5ecc1e5dfc8,fab3a8a33440,a2964267afa4,7b4688178ef5,5ffb95a2f6db,289d9ebe7ca4,313af42985fa,26f59ad2c7d3,c3ba0d70f6af,bbc5e5c6dcee,10c735393131,b63a8c67ba9e,a63d5e6a099b,6eb6ff154c29,67741e4c9bd4,3c088a22309b,05ab5a4032d8,b11dba68bb9b,6d05ad4c0161,1082c4649be9,459ec69915fc,bdb257a2c22a,d24570561f92,4e133fbf3242,c38c7a6bd5cd,093ecefe44b1,811b5bf80a70,ec42c1d23c4c,beec0f7cd4b5,ef69870cab90,af05a4a45291,fcdfb72f35d4,e23c49f3fc75,b53989f9f656,e7495c52244b,a516142ed2e7,141e9862a970,54e5a78d6208,87c91b935c3a,cfd538172a55,7a47543a2790,429159f6980e,248f30423cee,db199dc4c30f,b421f8f639a0,4339ddbfea49,0619d999acf8,aa04a0050fea,78ddc895dba9,aa39eb56ab70,40993c215561,60204d92364d
2026-03-14T22:13:58.140Z [DEBUG] [Lingo.dev] Reloaded metadata: 0 entries
2026-03-14T22:13:58.222Z [INFO] [Lingo.dev] 🔄 Translating 103 hashes to en
2026-03-14T22:13:58.327Z [DEBUG] [Lingo.dev] 🔄 Hashes: 77ab38435db9, 2294209e28e1, 425008df0230, 0f33042ae1c1, 57697fde38d6, b30debe1774f, 7ce12b7afdac, 2b558d5fca0c, be2e07ff18a1, eaacdf8777f1, 40fa9a830ba7, 2fe11bb06f5c, 12f52b8082a5, 5cd33c6765b0, cce6ff48e14c, 158f4d02301c, e20904613057, 5ef73d1d1f3f, c5ba4598e453, 60e9eb16e116, 6d7f27752a73, 60a6cef33e66, d8961c2c9645, 973f8f1f8c1c, b4b94a55dcb7, 6f2e3b1bb865, 22b561dca2a6, 460a9fbe420c, 9325bf3b3b3c, a6dd0e3e99da, 3364405965dd, 079f07eff90d, 18c89c6650df, 3ac6a6283b61, abe0fd658e46, 39d36262b975, 57a29ea82eab, fbe246d94be1, 3501a117ff03, 82709234f3ae, 30f1bceedef9, 0c00981b7fcc, 5a8dd269586d, 39ef34061607, c502f4c87c2f, 1b9aac5c2a01, df8f13518f35, 47a82d15c1b5, 2dbbb34ae9c4, a352cdce61ee, 9c2bd6cf6188, e5ecc1e5dfc8, fab3a8a33440, a2964267afa4, 7b4688178ef5, 5ffb95a2f6db, 289d9ebe7ca4, 313af42985fa, 26f59ad2c7d3, c3ba0d70f6af, bbc5e5c6dcee, 10c735393131, b63a8c67ba9e, a63d5e6a099b, 6eb6ff154c29, 67741e4c9bd4, 3c088a22309b, 05ab5a4032d8, b11dba68bb9b, 6d05ad4c0161, 1082c4649be9, 459ec69915fc, bdb257a2c22a, d24570561f92, 4e133fbf3242, c38c7a6bd5cd, 093ecefe44b1, 811b5bf80a70, ec42c1d23c4c, beec0f7cd4b5, ef69870cab90, af05a4a45291, fcdfb72f35d4, e23c49f3fc75, b53989f9f656, e7495c52244b, a516142ed2e7, 141e9862a970, 54e5a78d6208, 87c91b935c3a, cfd538172a55, 7a47543a2790, 429159f6980e, 248f30423cee, db199dc4c30f, b421f8f639a0, 4339ddbfea49, 0619d999acf8, aa04a0050fea, 78ddc895dba9, aa39eb56ab70, 40993c215561, 60204d92364d
2026-03-14T22:13:58.399Z [DEBUG] [Lingo.dev] [BUSY] Server is now busy (1 active)
2026-03-14T22:13:58.486Z [DEBUG] [Lingo.dev] [IDLE] Server is now idle
2026-03-14T22:14:10.511Z [INFO] [Lingo.dev] 📥 Received: OPTIONS /translations/en
2026-03-14T22:14:10.559Z [INFO] [Lingo.dev] 🔄 Processing: OPTIONS /translations/en
2026-03-14T22:14:10.589Z [DEBUG] [Lingo.dev] OPTIONS /translations/en
2026-03-14T22:14:10.610Z [INFO] [Lingo.dev] 📥 Received: POST /translations/en
2026-03-14T22:14:10.671Z [INFO] [Lingo.dev] 🔄 Processing: POST /translations/en
2026-03-14T22:14:10.817Z [DEBUG] [Lingo.dev] POST /translations/en
2026-03-14T22:14:10.892Z [DEBUG] [Lingo.dev] Reading request body...
2026-03-14T22:14:11.011Z [DEBUG] [Lingo.dev] Chunk read, body: {"hashes":["225b707b0a96","79fd24abe927","95489fd934f1","e817d22fe046","f2889e1f5a2b","90b9452b7338","416bc4629cf1","b97b3eaecb44","301ea780934f","5aa15e504c23","c897d8dce021","d2bb06da1b7a","bb14705a3206","545e2618d5b7","06099b5ac392","25c0f31bf264","617744a6dc3d","df3225884b6c","965484dfbcc0","b161f3000a5e","9715e1829ebc","907a462d31af","109ce6352f9c","8a2828f15b6a","0fbdfcbb9f23","6609ec5d267d","cc927f57b02a","637a394296a5","111c1b09103e","7e8b9e912d2a","fddf3ea0c2f8","9a53032cd5ef","b8f882e7cd1e","19035fbbaf03","313417c8ec28","a5aea1325748","7227a779c961","a32f44787279","365cea749d2a","df98695d99aa","d3750c9464c2","30f1808edd1b","051163e839bb","fd56797df3e8","6bd6f521a4b3","20b0afb0ac35","066165382bb5","e5114bc8139b","280a3f702c7d","35cceebb50f8","e7e08ae8a5ff","f06ab579f106","a0dd2e395239","599edac8a3c1","af25c4fcbbe2","557512e595a4","8c2fa1f96c36","44a17ceff978","3434d748ff84","413a37bec599","d78b9293181f","3972714b2a4f","f7e4369254e5","2744e0a28183","410c63957e1b","6c869670f7cb","9b170d627191","74719d79ccb2","e611da607b60","665aea6f4c46","5e284c444397","2be5c3119f5f","8e82c4394b44","41be8a83e5ac","a87971bcdb22","cc96c66efed5","c7bbb76653c1","2c1b756ee44b","8f9689b6ac45","a4ead0b14917","c5294e9d7868","21ffebf9faef","06cd82217265","ed9038545cc3","3b01e2f1403a","624466f430bc","ac4d4aa0c599","05653d3acc72","9845af755e02","8d7cbc214b04","0c238192b3fa","f86a7d8fac65","b73e2ef3dfe4","916686c0eb16","c27530d16c5b","509c0eb47f57","4c2a0bf1f107","cb2e7336fb62","4a7c6a36174f","c07d3ec78447","4e59566c24ac","163bc0b8513f","4b4785b4bf99","0ee7564536e8","73e2f667b6f1","39600da957c0","e98d46075ab4","8018f154b5a4","083174c9b048","48cf0d8cad98","0578071df236","f84fa5ea2605"]}
2026-03-14T22:14:11.130Z [DEBUG] [Lingo.dev] Parsed hashes: 225b707b0a96,79fd24abe927,95489fd934f1,e817d22fe046,f2889e1f5a2b,90b9452b7338,416bc4629cf1,b97b3eaecb44,301ea780934f,5aa15e504c23,c897d8dce021,d2bb06da1b7a,bb14705a3206,545e2618d5b7,06099b5ac392,25c0f31bf264,617744a6dc3d,df3225884b6c,965484dfbcc0,b161f3000a5e,9715e1829ebc,907a462d31af,109ce6352f9c,8a2828f15b6a,0fbdfcbb9f23,6609ec5d267d,cc927f57b02a,637a394296a5,111c1b09103e,7e8b9e912d2a,fddf3ea0c2f8,9a53032cd5ef,b8f882e7cd1e,19035fbbaf03,313417c8ec28,a5aea1325748,7227a779c961,a32f44787279,365cea749d2a,df98695d99aa,d3750c9464c2,30f1808edd1b,051163e839bb,fd56797df3e8,6bd6f521a4b3,20b0afb0ac35,066165382bb5,e5114bc8139b,280a3f702c7d,35cceebb50f8,e7e08ae8a5ff,f06ab579f106,a0dd2e395239,599edac8a3c1,af25c4fcbbe2,557512e595a4,8c2fa1f96c36,44a17ceff978,3434d748ff84,413a37bec599,d78b9293181f,3972714b2a4f,f7e4369254e5,2744e0a28183,410c63957e1b,6c869670f7cb,9b170d627191,74719d79ccb2,e611da607b60,665aea6f4c46,5e284c444397,2be5c3119f5f,8e82c4394b44,41be8a83e5ac,a87971bcdb22,cc96c66efed5,c7bbb76653c1,2c1b756ee44b,8f9689b6ac45,a4ead0b14917,c5294e9d7868,21ffebf9faef,06cd82217265,ed9038545cc3,3b01e2f1403a,624466f430bc,ac4d4aa0c599,05653d3acc72,9845af755e02,8d7cbc214b04,0c238192b3fa,f86a7d8fac65,b73e2ef3dfe4,916686c0eb16,c27530d16c5b,509c0eb47f57,4c2a0bf1f107,cb2e7336fb62,4a7c6a36174f,c07d3ec78447,4e59566c24ac,163bc0b8513f,4b4785b4bf99,0ee7564536e8,73e2f667b6f1,39600da957c0,e98d46075ab4,8018f154b5a4,083174c9b048,48cf0d8cad98,0578071df236,f84fa5ea2605
2026-03-14T22:14:11.160Z [DEBUG] [Lingo.dev] Reloaded metadata: 0 entries
2026-03-14T22:14:11.211Z [INFO] [Lingo.dev] 🔄 Translating 112 hashes to en
2026-03-14T22:14:11.291Z [DEBUG] [Lingo.dev] 🔄 Hashes: 225b707b0a96, 79fd24abe927, 95489fd934f1, e817d22fe046, f2889e1f5a2b, 90b9452b7338, 416bc4629cf1, b97b3eaecb44, 301ea780934f, 5aa15e504c23, c897d8dce021, d2bb06da1b7a, bb14705a3206, 545e2618d5b7, 06099b5ac392, 25c0f31bf264, 617744a6dc3d, df3225884b6c, 965484dfbcc0, b161f3000a5e, 9715e1829ebc, 907a462d31af, 109ce6352f9c, 8a2828f15b6a, 0fbdfcbb9f23, 6609ec5d267d, cc927f57b02a, 637a394296a5, 111c1b09103e, 7e8b9e912d2a, fddf3ea0c2f8, 9a53032cd5ef, b8f882e7cd1e, 19035fbbaf03, 313417c8ec28, a5aea1325748, 7227a779c961, a32f44787279, 365cea749d2a, df98695d99aa, d3750c9464c2, 30f1808edd1b, 051163e839bb, fd56797df3e8, 6bd6f521a4b3, 20b0afb0ac35, 066165382bb5, e5114bc8139b, 280a3f702c7d, 35cceebb50f8, e7e08ae8a5ff, f06ab579f106, a0dd2e395239, 599edac8a3c1, af25c4fcbbe2, 557512e595a4, 8c2fa1f96c36, 44a17ceff978, 3434d748ff84, 413a37bec599, d78b9293181f, 3972714b2a4f, f7e4369254e5, 2744e0a28183, 410c63957e1b, 6c869670f7cb, 9b170d627191, 74719d79ccb2, e611da607b60, 665aea6f4c46, 5e284c444397, 2be5c3119f5f, 8e82c4394b44, 41be8a83e5ac, a87971bcdb22, cc96c66efed5, c7bbb76653c1, 2c1b756ee44b, 8f9689b6ac45, a4ead0b14917, c5294e9d7868, 21ffebf9faef, 06cd82217265, ed9038545cc3, 3b01e2f1403a, 624466f430bc, ac4d4aa0c599, 05653d3acc72, 9845af755e02, 8d7cbc214b04, 0c238192b3fa, f86a7d8fac65, b73e2ef3dfe4, 916686c0eb16, c27530d16c5b, 509c0eb47f57, 4c2a0bf1f107, cb2e7336fb62, 4a7c6a36174f, c07d3ec78447, 4e59566c24ac, 163bc0b8513f, 4b4785b4bf99, 0ee7564536e8, 73e2f667b6f1, 39600da957c0, e98d46075ab4, 8018f154b5a4, 083174c9b048, 48cf0d8cad98, 0578071df236, f84fa5ea2605
2026-03-14T22:14:11.414Z [DEBUG] [Lingo.dev] [BUSY] Server is now busy (1 active)
2026-03-14T22:14:11.492Z [DEBUG] [Lingo.dev] [IDLE] Server is now idle
2026-03-14T22:14:16.287Z [INFO] [Lingo.dev] 📥 Received: OPTIONS /translations/es
2026-03-14T22:14:16.297Z [INFO] [Lingo.dev] 🔄 Processing: OPTIONS /translations/es
2026-03-14T22:14:16.304Z [DEBUG] [Lingo.dev] OPTIONS /translations/es
2026-03-14T22:14:16.308Z [INFO] [Lingo.dev] 📥 Received: POST /translations/es
2026-03-14T22:14:16.311Z [INFO] [Lingo.dev] 🔄 Processing: POST /translations/es
2026-03-14T22:14:16.321Z [DEBUG] [Lingo.dev] POST /translations/es
2026-03-14T22:14:16.324Z [DEBUG] [Lingo.dev] Reading request body...
2026-03-14T22:14:16.330Z [DEBUG] [Lingo.dev] Chunk read, body: {"hashes":["77ab38435db9","2294209e28e1","425008df0230","0f33042ae1c1","57697fde38d6","b30debe1774f","7ce12b7afdac","2b558d5fca0c","be2e07ff18a1","eaacdf8777f1","40fa9a830ba7","2fe11bb06f5c","12f52b8082a5","5cd33c6765b0","cce6ff48e14c","158f4d02301c","e20904613057","5ef73d1d1f3f","c5ba4598e453","60e9eb16e116","6d7f27752a73","60a6cef33e66","d8961c2c9645","973f8f1f8c1c","b4b94a55dcb7","6f2e3b1bb865","22b561dca2a6","460a9fbe420c","9325bf3b3b3c","a6dd0e3e99da","3364405965dd","079f07eff90d","18c89c6650df","3ac6a6283b61","abe0fd658e46","39d36262b975","57a29ea82eab","fbe246d94be1","3501a117ff03","82709234f3ae","30f1bceedef9","0c00981b7fcc","5a8dd269586d","39ef34061607","c502f4c87c2f","1b9aac5c2a01","df8f13518f35","47a82d15c1b5","2dbbb34ae9c4","a352cdce61ee","9c2bd6cf6188","e5ecc1e5dfc8","fab3a8a33440","a2964267afa4","7b4688178ef5","5ffb95a2f6db","289d9ebe7ca4","313af42985fa","26f59ad2c7d3","c3ba0d70f6af","bbc5e5c6dcee","10c735393131","b63a8c67ba9e","a63d5e6a099b","6eb6ff154c29","67741e4c9bd4","3c088a22309b","05ab5a4032d8","b11dba68bb9b","6d05ad4c0161","1082c4649be9","459ec69915fc","bdb257a2c22a","d24570561f92","4e133fbf3242","c38c7a6bd5cd","093ecefe44b1","811b5bf80a70","ec42c1d23c4c","beec0f7cd4b5","ef69870cab90","af05a4a45291","fcdfb72f35d4","e23c49f3fc75","b53989f9f656","e7495c52244b","a516142ed2e7","141e9862a970","54e5a78d6208","87c91b935c3a","cfd538172a55","7a47543a2790","429159f6980e","248f30423cee","db199dc4c30f","b421f8f639a0","4339ddbfea49","0619d999acf8","aa04a0050fea","78ddc895dba9","aa39eb56ab70","40993c215561","60204d92364d"]}
2026-03-14T22:14:16.347Z [DEBUG] [Lingo.dev] Parsed hashes: 77ab38435db9,2294209e28e1,425008df0230,0f33042ae1c1,57697fde38d6,b30debe1774f,7ce12b7afdac,2b558d5fca0c,be2e07ff18a1,eaacdf8777f1,40fa9a830ba7,2fe11bb06f5c,12f52b8082a5,5cd33c6765b0,cce6ff48e14c,158f4d02301c,e20904613057,5ef73d1d1f3f,c5ba4598e453,60e9eb16e116,6d7f27752a73,60a6cef33e66,d8961c2c9645,973f8f1f8c1c,b4b94a55dcb7,6f2e3b1bb865,22b561dca2a6,460a9fbe420c,9325bf3b3b3c,a6dd0e3e99da,3364405965dd,079f07eff90d,18c89c6650df,3ac6a6283b61,abe0fd658e46,39d36262b975,57a29ea82eab,fbe246d94be1,3501a117ff03,82709234f3ae,30f1bceedef9,0c00981b7fcc,5a8dd269586d,39ef34061607,c502f4c87c2f,1b9aac5c2a01,df8f13518f35,47a82d15c1b5,2dbbb34ae9c4,a352cdce61ee,9c2bd6cf6188,e5ecc1e5dfc8,fab3a8a33440,a2964267afa4,7b4688178ef5,5ffb95a2f6db,289d9ebe7ca4,313af42985fa,26f59ad2c7d3,c3ba0d70f6af,bbc5e5c6dcee,10c735393131,b63a8c67ba9e,a63d5e6a099b,6eb6ff154c29,67741e4c9bd4,3c088a22309b,05ab5a4032d8,b11dba68bb9b,6d05ad4c0161,1082c4649be9,459ec69915fc,bdb257a2c22a,d24570561f92,4e133fbf3242,c38c7a6bd5cd,093ecefe44b1,811b5bf80a70,ec42c1d23c4c,beec0f7cd4b5,ef69870cab90,af05a4a45291,fcdfb72f35d4,e23c49f3fc75,b53989f9f656,e7495c52244b,a516142ed2e7,141e9862a970,54e5a78d6208,87c91b935c3a,cfd538172a55,7a47543a2790,429159f6980e,248f30423cee,db199dc4c30f,b421f8f639a0,4339ddbfea49,0619d999acf8,aa04a0050fea,78ddc895dba9,aa39eb56ab70,40993c215561,60204d92364d
2026-03-14T22:14:16.358Z [DEBUG] [Lingo.dev] Reloaded metadata: 0 entries
2026-03-14T22:14:16.377Z [INFO] [Lingo.dev] 🔄 Translating 103 hashes to es
2026-03-14T22:14:16.395Z [DEBUG] [Lingo.dev] 🔄 Hashes: 77ab38435db9, 2294209e28e1, 425008df0230, 0f33042ae1c1, 57697fde38d6, b30debe1774f, 7ce12b7afdac, 2b558d5fca0c, be2e07ff18a1, eaacdf8777f1, 40fa9a830ba7, 2fe11bb06f5c, 12f52b8082a5, 5cd33c6765b0, cce6ff48e14c, 158f4d02301c, e20904613057, 5ef73d1d1f3f, c5ba4598e453, 60e9eb16e116, 6d7f27752a73, 60a6cef33e66, d8961c2c9645, 973f8f1f8c1c, b4b94a55dcb7, 6f2e3b1bb865, 22b561dca2a6, 460a9fbe420c, 9325bf3b3b3c, a6dd0e3e99da, 3364405965dd, 079f07eff90d, 18c89c6650df, 3ac6a6283b61, abe0fd658e46, 39d36262b975, 57a29ea82eab, fbe246d94be1, 3501a117ff03, 82709234f3ae, 30f1bceedef9, 0c00981b7fcc, 5a8dd269586d, 39ef34061607, c502f4c87c2f, 1b9aac5c2a01, df8f13518f35, 47a82d15c1b5, 2dbbb34ae9c4, a352cdce61ee, 9c2bd6cf6188, e5ecc1e5dfc8, fab3a8a33440, a2964267afa4, 7b4688178ef5, 5ffb95a2f6db, 289d9ebe7ca4, 313af42985fa, 26f59ad2c7d3, c3ba0d70f6af, bbc5e5c6dcee, 10c735393131, b63a8c67ba9e, a63d5e6a099b, 6eb6ff154c29, 67741e4c9bd4, 3c088a22309b, 05ab5a4032d8, b11dba68bb9b, 6d05ad4c0161, 1082c4649be9, 459ec69915fc, bdb257a2c22a, d24570561f92, 4e133fbf3242, c38c7a6bd5cd, 093ecefe44b1, 811b5bf80a70, ec42c1d23c4c, beec0f7cd4b5, ef69870cab90, af05a4a45291, fcdfb72f35d4, e23c49f3fc75, b53989f9f656, e7495c52244b, a516142ed2e7, 141e9862a970, 54e5a78d6208, 87c91b935c3a, cfd538172a55, 7a47543a2790, 429159f6980e, 248f30423cee, db199dc4c30f, b421f8f639a0, 4339ddbfea49, 0619d999acf8, aa04a0050fea, 78ddc895dba9, aa39eb56ab70, 40993c215561, 60204d92364d
2026-03-14T22:14:16.412Z [DEBUG] [Lingo.dev] [BUSY] Server is now busy (1 active)
2026-03-14T22:14:16.804Z [DEBUG] [Lingo.dev] [IDLE] Server is now idle
2026-03-14T22:15:06.364Z [INFO] [Lingo.dev] 📥 Received: OPTIONS /translations/fr
2026-03-14T22:15:06.378Z [INFO] [Lingo.dev] 🔄 Processing: OPTIONS /translations/fr
2026-03-14T22:15:06.380Z [DEBUG] [Lingo.dev] OPTIONS /translations/fr
2026-03-14T22:15:06.383Z [INFO] [Lingo.dev] 📥 Received: POST /translations/fr
2026-03-14T22:15:06.384Z [INFO] [Lingo.dev] 🔄 Processing: POST /translations/fr
2026-03-14T22:15:06.387Z [DEBUG] [Lingo.dev] POST /translations/fr
2026-03-14T22:15:06.389Z [DEBUG] [Lingo.dev] Reading request body...
2026-03-14T22:15:06.393Z [DEBUG] [Lingo.dev] Chunk read, body: {"hashes":["77ab38435db9","2294209e28e1","425008df0230","0f33042ae1c1","57697fde38d6","b30debe1774f","7ce12b7afdac","2b558d5fca0c","be2e07ff18a1","eaacdf8777f1","40fa9a830ba7","2fe11bb06f5c","12f52b8082a5","5cd33c6765b0","cce6ff48e14c","158f4d02301c","e20904613057","5ef73d1d1f3f","c5ba4598e453","60e9eb16e116","6d7f27752a73","60a6cef33e66","d8961c2c9645","973f8f1f8c1c","b4b94a55dcb7","6f2e3b1bb865","22b561dca2a6","460a9fbe420c","9325bf3b3b3c","a6dd0e3e99da","3364405965dd","079f07eff90d","18c89c6650df","3ac6a6283b61","abe0fd658e46","39d36262b975","57a29ea82eab","fbe246d94be1","3501a117ff03","82709234f3ae","30f1bceedef9","0c00981b7fcc","5a8dd269586d","39ef34061607","c502f4c87c2f","1b9aac5c2a01","df8f13518f35","47a82d15c1b5","2dbbb34ae9c4","a352cdce61ee","9c2bd6cf6188","e5ecc1e5dfc8","fab3a8a33440","a2964267afa4","7b4688178ef5","5ffb95a2f6db","289d9ebe7ca4","313af42985fa","26f59ad2c7d3","c3ba0d70f6af","bbc5e5c6dcee","10c735393131","b63a8c67ba9e","a63d5e6a099b","6eb6ff154c29","67741e4c9bd4","3c088a22309b","05ab5a4032d8","b11dba68bb9b","6d05ad4c0161","1082c4649be9","459ec69915fc","bdb257a2c22a","d24570561f92","4e133fbf3242","c38c7a6bd5cd","093ecefe44b1","811b5bf80a70","ec42c1d23c4c","beec0f7cd4b5","ef69870cab90","af05a4a45291","fcdfb72f35d4","e23c49f3fc75","b53989f9f656","e7495c52244b","a516142ed2e7","141e9862a970","54e5a78d6208","87c91b935c3a","cfd538172a55","7a47543a2790","429159f6980e","248f30423cee","db199dc4c30f","b421f8f639a0","4339ddbfea49","0619d999acf8","aa04a0050fea","78ddc895dba9","aa39eb56ab70","40993c215561","60204d92364d"]}
2026-03-14T22:15:06.403Z [DEBUG] [Lingo.dev] Parsed hashes: 77ab38435db9,2294209e28e1,425008df0230,0f33042ae1c1,57697fde38d6,b30debe1774f,7ce12b7afdac,2b558d5fca0c,be2e07ff18a1,eaacdf8777f1,40fa9a830ba7,2fe11bb06f5c,12f52b8082a5,5cd33c6765b0,cce6ff48e14c,158f4d02301c,e20904613057,5ef73d1d1f3f,c5ba4598e453,60e9eb16e116,6d7f27752a73,60a6cef33e66,d8961c2c9645,973f8f1f8c1c,b4b94a55dcb7,6f2e3b1bb865,22b561dca2a6,460a9fbe420c,9325bf3b3b3c,a6dd0e3e99da,3364405965dd,079f07eff90d,18c89c6650df,3ac6a6283b61,abe0fd658e46,39d36262b975,57a29ea82eab,fbe246d94be1,3501a117ff03,82709234f3ae,30f1bceedef9,0c00981b7fcc,5a8dd269586d,39ef34061607,c502f4c87c2f,1b9aac5c2a01,df8f13518f35,47a82d15c1b5,2dbbb34ae9c4,a352cdce61ee,9c2bd6cf6188,e5ecc1e5dfc8,fab3a8a33440,a2964267afa4,7b4688178ef5,5ffb95a2f6db,289d9ebe7ca4,313af42985fa,26f59ad2c7d3,c3ba0d70f6af,bbc5e5c6dcee,10c735393131,b63a8c67ba9e,a63d5e6a099b,6eb6ff154c29,67741e4c9bd4,3c088a22309b,05ab5a4032d8,b11dba68bb9b,6d05ad4c0161,1082c4649be9,459ec69915fc,bdb257a2c22a,d24570561f92,4e133fbf3242,c38c7a6bd5cd,093ecefe44b1,811b5bf80a70,ec42c1d23c4c,beec0f7cd4b5,ef69870cab90,af05a4a45291,fcdfb72f35d4,e23c49f3fc75,b53989f9f656,e7495c52244b,a516142ed2e7,141e9862a970,54e5a78d6208,87c91b935c3a,cfd538172a55,7a47543a2790,429159f6980e,248f30423cee,db199dc4c30f,b421f8f639a0,4339ddbfea49,0619d999acf8,aa04a0050fea,78ddc895dba9,aa39eb56ab70,40993c215561,60204d92364d
2026-03-14T22:15:06.408Z [DEBUG] [Lingo.dev] Reloaded metadata: 0 entries
2026-03-14T22:15:06.412Z [INFO] [Lingo.dev] 🔄 Translating 103 hashes to fr
2026-03-14T22:15:06.465Z [DEBUG] [Lingo.dev] 🔄 Hashes: 77ab38435db9, 2294209e28e1, 425008df0230, 0f33042ae1c1, 57697fde38d6, b30debe1774f, 7ce12b7afdac, 2b558d5fca0c, be2e07ff18a1, eaacdf8777f1, 40fa9a830ba7, 2fe11bb06f5c, 12f52b8082a5, 5cd33c6765b0, cce6ff48e14c, 158f4d02301c, e20904613057, 5ef73d1d1f3f, c5ba4598e453, 60e9eb16e116, 6d7f27752a73, 60a6cef33e66, d8961c2c9645, 973f8f1f8c1c, b4b94a55dcb7, 6f2e3b1bb865, 22b561dca2a6, 460a9fbe420c, 9325bf3b3b3c, a6dd0e3e99da, 3364405965dd, 079f07eff90d, 18c89c6650df, 3ac6a6283b61, abe0fd658e46, 39d36262b975, 57a29ea82eab, fbe246d94be1, 3501a117ff03, 82709234f3ae, 30f1bceedef9, 0c00981b7fcc, 5a8dd269586d, 39ef34061607, c502f4c87c2f, 1b9aac5c2a01, df8f13518f35, 47a82d15c1b5, 2dbbb34ae9c4, a352cdce61ee, 9c2bd6cf6188, e5ecc1e5dfc8, fab3a8a33440, a2964267afa4, 7b4688178ef5, 5ffb95a2f6db, 289d9ebe7ca4, 313af42985fa, 26f59ad2c7d3, c3ba0d70f6af, bbc5e5c6dcee, 10c735393131, b63a8c67ba9e, a63d5e6a099b, 6eb6ff154c29, 67741e4c9bd4, 3c088a22309b, 05ab5a4032d8, b11dba68bb9b, 6d05ad4c0161, 1082c4649be9, 459ec69915fc, bdb257a2c22a, d24570561f92, 4e133fbf3242, c38c7a6bd5cd, 093ecefe44b1, 811b5bf80a70, ec42c1d23c4c, beec0f7cd4b5, ef69870cab90, af05a4a45291, fcdfb72f35d4, e23c49f3fc75, b53989f9f656, e7495c52244b, a516142ed2e7, 141e9862a970, 54e5a78d6208, 87c91b935c3a, cfd538172a55, 7a47543a2790, 429159f6980e, 248f30423cee, db199dc4c30f, b421f8f639a0, 4339ddbfea49, 0619d999acf8, aa04a0050fea, 78ddc895dba9, aa39eb56ab70, 40993c215561, 60204d92364d
2026-03-14T22:15:06.502Z [DEBUG] [Lingo.dev] [BUSY] Server is now busy (1 active)
2026-03-14T22:15:06.889Z [DEBUG] [Lingo.dev] [IDLE] Server is now idle
2026-03-14T22:15:09.259Z [INFO] [Lingo.dev] 📥 Received: OPTIONS /translations/en
2026-03-14T22:15:09.279Z [INFO] [Lingo.dev] 🔄 Processing: OPTIONS /translations/en
2026-03-14T22:15:09.287Z [DEBUG] [Lingo.dev] OPTIONS /translations/en
2026-03-14T22:15:09.290Z [INFO] [Lingo.dev] 📥 Received: POST /translations/en
2026-03-14T22:15:09.294Z [INFO] [Lingo.dev] 🔄 Processing: POST /translations/en
2026-03-14T22:15:09.304Z [DEBUG] [Lingo.dev] POST /translations/en
2026-03-14T22:15:09.307Z [DEBUG] [Lingo.dev] Reading request body...
2026-03-14T22:15:09.314Z [DEBUG] [Lingo.dev] Chunk read, body: {"hashes":["77ab38435db9","2294209e28e1","425008df0230","0f33042ae1c1","57697fde38d6","b30debe1774f","7ce12b7afdac","2b558d5fca0c","be2e07ff18a1","eaacdf8777f1","40fa9a830ba7","2fe11bb06f5c","12f52b8082a5","5cd33c6765b0","cce6ff48e14c","158f4d02301c","e20904613057","5ef73d1d1f3f","c5ba4598e453","60e9eb16e116","6d7f27752a73","60a6cef33e66","d8961c2c9645","973f8f1f8c1c","b4b94a55dcb7","6f2e3b1bb865","22b561dca2a6","460a9fbe420c","9325bf3b3b3c","a6dd0e3e99da","3364405965dd","079f07eff90d","18c89c6650df","3ac6a6283b61","abe0fd658e46","39d36262b975","57a29ea82eab","fbe246d94be1","3501a117ff03","82709234f3ae","30f1bceedef9","0c00981b7fcc","5a8dd269586d","39ef34061607","c502f4c87c2f","1b9aac5c2a01","df8f13518f35","47a82d15c1b5","2dbbb34ae9c4","a352cdce61ee","9c2bd6cf6188","e5ecc1e5dfc8","fab3a8a33440","a2964267afa4","7b4688178ef5","5ffb95a2f6db","289d9ebe7ca4","313af42985fa","26f59ad2c7d3","c3ba0d70f6af","bbc5e5c6dcee","10c735393131","b63a8c67ba9e","a63d5e6a099b","6eb6ff154c29","67741e4c9bd4","3c088a22309b","05ab5a4032d8","b11dba68bb9b","6d05ad4c0161","1082c4649be9","459ec69915fc","bdb257a2c22a","d24570561f92","4e133fbf3242","c38c7a6bd5cd","093ecefe44b1","811b5bf80a70","ec42c1d23c4c","beec0f7cd4b5","ef69870cab90","af05a4a45291","fcdfb72f35d4","e23c49f3fc75","b53989f9f656","e7495c52244b","a516142ed2e7","141e9862a970","54e5a78d6208","87c91b935c3a","cfd538172a55","7a47543a2790","429159f6980e","248f30423cee","db199dc4c30f","b421f8f639a0","4339ddbfea49","0619d999acf8","aa04a0050fea","78ddc895dba9","aa39eb56ab70","40993c215561","60204d92364d"]}
2026-03-14T22:15:09.345Z [DEBUG] [Lingo.dev] Parsed hashes: 77ab38435db9,2294209e28e1,425008df0230,0f33042ae1c1,57697fde38d6,b30debe1774f,7ce12b7afdac,2b558d5fca0c,be2e07ff18a1,eaacdf8777f1,40fa9a830ba7,2fe11bb06f5c,12f52b8082a5,5cd33c6765b0,cce6ff48e14c,158f4d02301c,e20904613057,5ef73d1d1f3f,c5ba4598e453,60e9eb16e116,6d7f27752a73,60a6cef33e66,d8961c2c9645,973f8f1f8c1c,b4b94a55dcb7,6f2e3b1bb865,22b561dca2a6,460a9fbe420c,9325bf3b3b3c,a6dd0e3e99da,3364405965dd,079f07eff90d,18c89c6650df,3ac6a6283b61,abe0fd658e46,39d36262b975,57a29ea82eab,fbe246d94be1,3501a117ff03,82709234f3ae,30f1bceedef9,0c00981b7fcc,5a8dd269586d,39ef34061607,c502f4c87c2f,1b9aac5c2a01,df8f13518f35,47a82d15c1b5,2dbbb34ae9c4,a352cdce61ee,9c2bd6cf6188,e5ecc1e5dfc8,fab3a8a33440,a2964267afa4,7b4688178ef5,5ffb95a2f6db,289d9ebe7ca4,313af42985fa,26f59ad2c7d3,c3ba0d70f6af,bbc5e5c6dcee,10c735393131,b63a8c67ba9e,a63d5e6a099b,6eb6ff154c29,67741e4c9bd4,3c088a22309b,05ab5a4032d8,b11dba68bb9b,6d05ad4c0161,1082c4649be9,459ec69915fc,bdb257a2c22a,d24570561f92,4e133fbf3242,c38c7a6bd5cd,093ecefe44b1,811b5bf80a70,ec42c1d23c4c,beec0f7cd4b5,ef69870cab90,af05a4a45291,fcdfb72f35d4,e23c49f3fc75,b53989f9f656,e7495c52244b,a516142ed2e7,141e9862a970,54e5a78d6208,87c91b935c3a,cfd538172a55,7a47543a2790,429159f6980e,248f30423cee,db199dc4c30f,b421f8f639a0,4339ddbfea49,0619d999acf8,aa04a0050fea,78ddc895dba9,aa39eb56ab70,40993c215561,60204d92364d
2026-03-14T22:15:09.367Z [DEBUG] [Lingo.dev] Reloaded metadata: 0 entries
2026-03-14T22:15:09.384Z [INFO] [Lingo.dev] 🔄 Translating 103 hashes to en
2026-03-14T22:15:09.408Z [DEBUG] [Lingo.dev] 🔄 Hashes: 77ab38435db9, 2294209e28e1, 425008df0230, 0f33042ae1c1, 57697fde38d6, b30debe1774f, 7ce12b7afdac, 2b558d5fca0c, be2e07ff18a1, eaacdf8777f1, 40fa9a830ba7, 2fe11bb06f5c, 12f52b8082a5, 5cd33c6765b0, cce6ff48e14c, 158f4d02301c, e20904613057, 5ef73d1d1f3f, c5ba4598e453, 60e9eb16e116, 6d7f27752a73, 60a6cef33e66, d8961c2c9645, 973f8f1f8c1c, b4b94a55dcb7, 6f2e3b1bb865, 22b561dca2a6, 460a9fbe420c, 9325bf3b3b3c, a6dd0e3e99da, 3364405965dd, 079f07eff90d, 18c89c6650df, 3ac6a6283b61, abe0fd658e46, 39d36262b975, 57a29ea82eab, fbe246d94be1, 3501a117ff03, 82709234f3ae, 30f1bceedef9, 0c00981b7fcc, 5a8dd269586d, 39ef34061607, c502f4c87c2f, 1b9aac5c2a01, df8f13518f35, 47a82d15c1b5, 2dbbb34ae9c4, a352cdce61ee, 9c2bd6cf6188, e5ecc1e5dfc8, fab3a8a33440, a2964267afa4, 7b4688178ef5, 5ffb95a2f6db, 289d9ebe7ca4, 313af42985fa, 26f59ad2c7d3, c3ba0d70f6af, bbc5e5c6dcee, 10c735393131, b63a8c67ba9e, a63d5e6a099b, 6eb6ff154c29, 67741e4c9bd4, 3c088a22309b, 05ab5a4032d8, b11dba68bb9b, 6d05ad4c0161, 1082c4649be9, 459ec69915fc, bdb257a2c22a, d24570561f92, 4e133fbf3242, c38c7a6bd5cd, 093ecefe44b1, 811b5bf80a70, ec42c1d23c4c, beec0f7cd4b5, ef69870cab90, af05a4a45291, fcdfb72f35d4, e23c49f3fc75, b53989f9f656, e7495c52244b, a516142ed2e7, 141e9862a970, 54e5a78d6208, 87c91b935c3a, cfd538172a55, 7a47543a2790, 429159f6980e, 248f30423cee, db199dc4c30f, b421f8f639a0, 4339ddbfea49, 0619d999acf8, aa04a0050fea, 78ddc895dba9, aa39eb56ab70, 40993c215561, 60204d92364d
2026-03-14T22:15:09.434Z [DEBUG] [Lingo.dev] [BUSY] Server is now busy (1 active)
2026-03-14T22:15:09.801Z [DEBUG] [Lingo.dev] [IDLE] Server is now idle
2026-03-14T22:15:10.871Z [INFO] [Lingo.dev] 📥 Received: POST /translations/en
2026-03-14T22:15:10.881Z [INFO] [Lingo.dev] 🔄 Processing: POST /translations/en
2026-03-14T22:15:10.890Z [DEBUG] [Lingo.dev] POST /translations/en
2026-03-14T22:15:10.893Z [DEBUG] [Lingo.dev] Reading request body...
2026-03-14T22:15:10.895Z [DEBUG] [Lingo.dev] Chunk read, body: {"hashes":["f1388688c264","9f35ee2be135","11d290f56cf6","9b118f740cc8"]}
2026-03-14T22:15:10.915Z [DEBUG] [Lingo.dev] Parsed hashes: f1388688c264,9f35ee2be135,11d290f56cf6,9b118f740cc8
2026-03-14T22:15:10.920Z [DEBUG] [Lingo.dev] Reloaded metadata: 0 entries
2026-03-14T22:15:10.924Z [INFO] [Lingo.dev] 🔄 Translating 4 hashes to en
2026-03-14T22:15:10.935Z [DEBUG] [Lingo.dev] 🔄 Hashes: f1388688c264, 9f35ee2be135, 11d290f56cf6, 9b118f740cc8
2026-03-14T22:15:10.940Z [DEBUG] [Lingo.dev] [BUSY] Server is now busy (1 active)
2026-03-14T22:15:11.398Z [DEBUG] [Lingo.dev] [IDLE] Server is now idle
2026-03-14T22:15:14.136Z [INFO] [Lingo.dev] 📥 Received: OPTIONS /translations/es
2026-03-14T22:15:14.149Z [INFO] [Lingo.dev] 🔄 Processing: OPTIONS /translations/es
2026-03-14T22:15:14.165Z [DEBUG] [Lingo.dev] OPTIONS /translations/es
2026-03-14T22:15:14.173Z [INFO] [Lingo.dev] 📥 Received: POST /translations/es
2026-03-14T22:15:14.180Z [INFO] [Lingo.dev] 🔄 Processing: POST /translations/es
2026-03-14T22:15:14.201Z [DEBUG] [Lingo.dev] POST /translations/es
2026-03-14T22:15:14.212Z [DEBUG] [Lingo.dev] Reading request body...
2026-03-14T22:15:14.223Z [DEBUG] [Lingo.dev] Chunk read, body: {"hashes":["77ab38435db9","2294209e28e1","425008df0230","0f33042ae1c1","57697fde38d6","b30debe1774f","7ce12b7afdac","2b558d5fca0c","be2e07ff18a1","eaacdf8777f1","40fa9a830ba7","2fe11bb06f5c","12f52b8082a5","5cd33c6765b0","cce6ff48e14c","158f4d02301c","e20904613057","5ef73d1d1f3f","c5ba4598e453","60e9eb16e116","6d7f27752a73","60a6cef33e66","d8961c2c9645","973f8f1f8c1c","b4b94a55dcb7","6f2e3b1bb865","22b561dca2a6","460a9fbe420c","9325bf3b3b3c","a6dd0e3e99da","3364405965dd","079f07eff90d","18c89c6650df","3ac6a6283b61","abe0fd658e46","39d36262b975","57a29ea82eab","fbe246d94be1","3501a117ff03","82709234f3ae","30f1bceedef9","0c00981b7fcc","5a8dd269586d","39ef34061607","c502f4c87c2f","1b9aac5c2a01","df8f13518f35","47a82d15c1b5","2dbbb34ae9c4","a352cdce61ee","9c2bd6cf6188","e5ecc1e5dfc8","fab3a8a33440","a2964267afa4","7b4688178ef5","5ffb95a2f6db","289d9ebe7ca4","313af42985fa","26f59ad2c7d3","c3ba0d70f6af","bbc5e5c6dcee","10c735393131","b63a8c67ba9e","a63d5e6a099b","6eb6ff154c29","67741e4c9bd4","3c088a22309b","05ab5a4032d8","b11dba68bb9b","6d05ad4c0161","1082c4649be9","459ec69915fc","bdb257a2c22a","d24570561f92","4e133fbf3242","c38c7a6bd5cd","093ecefe44b1","811b5bf80a70","ec42c1d23c4c","beec0f7cd4b5","ef69870cab90","af05a4a45291","fcdfb72f35d4","e23c49f3fc75","b53989f9f656","e7495c52244b","a516142ed2e7","141e9862a970","54e5a78d6208","87c91b935c3a","cfd538172a55","7a47543a2790","429159f6980e","248f30423cee","db199dc4c30f","b421f8f639a0","4339ddbfea49","0619d999acf8","aa04a0050fea","78ddc895dba9","aa39eb56ab70","40993c215561","60204d92364d","f1388688c264","9f35ee2be135","11d290f56cf6","9b118f740cc8"]}
2026-03-14T22:15:14.251Z [DEBUG] [Lingo.dev] Parsed hashes: 77ab38435db9,2294209e28e1,425008df0230,0f33042ae1c1,57697fde38d6,b30debe1774f,7ce12b7afdac,2b558d5fca0c,be2e07ff18a1,eaacdf8777f1,40fa9a830ba7,2fe11bb06f5c,12f52b8082a5,5cd33c6765b0,cce6ff48e14c,158f4d02301c,e20904613057,5ef73d1d1f3f,c5ba4598e453,60e9eb16e116,6d7f27752a73,60a6cef33e66,d8961c2c9645,973f8f1f8c1c,b4b94a55dcb7,6f2e3b1bb865,22b561dca2a6,460a9fbe420c,9325bf3b3b3c,a6dd0e3e99da,3364405965dd,079f07eff90d,18c89c6650df,3ac6a6283b61,abe0fd658e46,39d36262b975,57a29ea82eab,fbe246d94be1,3501a117ff03,82709234f3ae,30f1bceedef9,0c00981b7fcc,5a8dd269586d,39ef34061607,c502f4c87c2f,1b9aac5c2a01,df8f13518f35,47a82d15c1b5,2dbbb34ae9c4,a352cdce61ee,9c2bd6cf6188,e5ecc1e5dfc8,fab3a8a33440,a2964267afa4,7b4688178ef5,5ffb95a2f6db,289d9ebe7ca4,313af42985fa,26f59ad2c7d3,c3ba0d70f6af,bbc5e5c6dcee,10c735393131,b63a8c67ba9e,a63d5e6a099b,6eb6ff154c29,67741e4c9bd4,3c088a22309b,05ab5a4032d8,b11dba68bb9b,6d05ad4c0161,1082c4649be9,459ec69915fc,bdb257a2c22a,d24570561f92,4e133fbf3242,c38c7a6bd5cd,093ecefe44b1,811b5bf80a70,ec42c1d23c4c,beec0f7cd4b5,ef69870cab90,af05a4a45291,fcdfb72f35d4,e23c49f3fc75,b53989f9f656,e7495c52244b,a516142ed2e7,141e9862a970,54e5a78d6208,87c91b935c3a,cfd538172a55,7a47543a2790,429159f6980e,248f30423cee,db199dc4c30f,b421f8f639a0,4339ddbfea49,0619d999acf8,aa04a0050fea,78ddc895dba9,aa39eb56ab70,40993c215561,60204d92364d,f1388688c264,9f35ee2be135,11d290f56cf6,9b118f740cc8
2026-03-14T22:15:14.282Z [DEBUG] [Lingo.dev] Reloaded metadata: 0 entries
2026-03-14T22:15:14.298Z [INFO] [Lingo.dev] 🔄 Translating 107 hashes to es
2026-03-14T22:15:14.314Z [DEBUG] [Lingo.dev] 🔄 Hashes: 77ab38435db9, 2294209e28e1, 425008df0230, 0f33042ae1c1, 57697fde38d6, b30debe1774f, 7ce12b7afdac, 2b558d5fca0c, be2e07ff18a1, eaacdf8777f1, 40fa9a830ba7, 2fe11bb06f5c, 12f52b8082a5, 5cd33c6765b0, cce6ff48e14c, 158f4d02301c, e20904613057, 5ef73d1d1f3f, c5ba4598e453, 60e9eb16e116, 6d7f27752a73, 60a6cef33e66, d8961c2c9645, 973f8f1f8c1c, b4b94a55dcb7, 6f2e3b1bb865, 22b561dca2a6, 460a9fbe420c, 9325bf3b3b3c, a6dd0e3e99da, 3364405965dd, 079f07eff90d, 18c89c6650df, 3ac6a6283b61, abe0fd658e46, 39d36262b975, 57a29ea82eab, fbe246d94be1, 3501a117ff03, 82709234f3ae, 30f1bceedef9, 0c00981b7fcc, 5a8dd269586d, 39ef34061607, c502f4c87c2f, 1b9aac5c2a01, df8f13518f35, 47a82d15c1b5, 2dbbb34ae9c4, a352cdce61ee, 9c2bd6cf6188, e5ecc1e5dfc8, fab3a8a33440, a2964267afa4, 7b4688178ef5, 5ffb95a2f6db, 289d9ebe7ca4, 313af42985fa, 26f59ad2c7d3, c3ba0d70f6af, bbc5e5c6dcee, 10c735393131, b63a8c67ba9e, a63d5e6a099b, 6eb6ff154c29, 67741e4c9bd4, 3c088a22309b, 05ab5a4032d8, b11dba68bb9b, 6d05ad4c0161, 1082c4649be9, 459ec69915fc, bdb257a2c22a, d24570561f92, 4e133fbf3242, c38c7a6bd5cd, 093ecefe44b1, 811b5bf80a70, ec42c1d23c4c, beec0f7cd4b5, ef69870cab90, af05a4a45291, fcdfb72f35d4, e23c49f3fc75, b53989f9f656, e7495c52244b, a516142ed2e7, 141e9862a970, 54e5a78d6208, 87c91b935c3a, cfd538172a55, 7a47543a2790, 429159f6980e, 248f30423cee, db199dc4c30f, b421f8f639a0, 4339ddbfea49, 0619d999acf8, aa04a0050fea, 78ddc895dba9, aa39eb56ab70, 40993c215561, 60204d92364d, f1388688c264, 9f35ee2be135, 11d290f56cf6, 9b118f740cc8
2026-03-14T22:15:14.336Z [DEBUG] [Lingo.dev] [BUSY] Server is now busy (1 active)
2026-03-14T22:15:14.661Z [DEBUG] [Lingo.dev] [IDLE] Server is now idle
2026-03-14T22:15:17.609Z [INFO] [Lingo.dev] 📥 Received: OPTIONS /translations/en
2026-03-14T22:15:17.621Z [INFO] [Lingo.dev] 🔄 Processing: OPTIONS /translations/en
2026-03-14T22:15:17.625Z [DEBUG] [Lingo.dev] OPTIONS /translations/en
2026-03-14T22:15:17.628Z [INFO] [Lingo.dev] 📥 Received: POST /translations/en
2026-03-14T22:15:17.630Z [INFO] [Lingo.dev] 🔄 Processing: POST /translations/en
2026-03-14T22:15:17.632Z [DEBUG] [Lingo.dev] POST /translations/en
2026-03-14T22:15:17.634Z [DEBUG] [Lingo.dev] Reading request body...
2026-03-14T22:15:17.636Z [DEBUG] [Lingo.dev] Chunk read, body: {"hashes":["77ab38435db9","2294209e28e1","425008df0230","0f33042ae1c1","57697fde38d6","b30debe1774f","7ce12b7afdac","2b558d5fca0c","be2e07ff18a1","eaacdf8777f1","40fa9a830ba7","2fe11bb06f5c","12f52b8082a5","5cd33c6765b0","cce6ff48e14c","158f4d02301c","e20904613057","5ef73d1d1f3f","c5ba4598e453","60e9eb16e116","6d7f27752a73","60a6cef33e66","d8961c2c9645","973f8f1f8c1c","b4b94a55dcb7","6f2e3b1bb865","22b561dca2a6","460a9fbe420c","9325bf3b3b3c","a6dd0e3e99da","3364405965dd","079f07eff90d","18c89c6650df","3ac6a6283b61","abe0fd658e46","39d36262b975","57a29ea82eab","fbe246d94be1","3501a117ff03","82709234f3ae","30f1bceedef9","0c00981b7fcc","5a8dd269586d","39ef34061607","c502f4c87c2f","1b9aac5c2a01","df8f13518f35","47a82d15c1b5","2dbbb34ae9c4","a352cdce61ee","9c2bd6cf6188","e5ecc1e5dfc8","fab3a8a33440","a2964267afa4","7b4688178ef5","5ffb95a2f6db","289d9ebe7ca4","313af42985fa","26f59ad2c7d3","c3ba0d70f6af","bbc5e5c6dcee","10c735393131","b63a8c67ba9e","a63d5e6a099b","6eb6ff154c29","67741e4c9bd4","3c088a22309b","05ab5a4032d8","b11dba68bb9b","6d05ad4c0161","1082c4649be9","459ec69915fc","bdb257a2c22a","d24570561f92","4e133fbf3242","c38c7a6bd5cd","093ecefe44b1","811b5bf80a70","ec42c1d23c4c","beec0f7cd4b5","ef69870cab90","af05a4a45291","fcdfb72f35d4","e23c49f3fc75","b53989f9f656","e7495c52244b","a516142ed2e7","141e9862a970","54e5a78d6208","87c91b935c3a","cfd538172a55","7a47543a2790","429159f6980e","248f30423cee","db199dc4c30f","b421f8f639a0","4339ddbfea49","0619d999acf8","aa04a0050fea","78ddc895dba9","aa39eb56ab70","40993c215561","60204d92364d","f1388688c264","9f35ee2be135","11d290f56cf6","9b118f740cc8"]}
2026-03-14T22:15:17.638Z [DEBUG] [Lingo.dev] Parsed hashes: 77ab38435db9,2294209e28e1,425008df0230,0f33042ae1c1,57697fde38d6,b30debe1774f,7ce12b7afdac,2b558d5fca0c,be2e07ff18a1,eaacdf8777f1,40fa9a830ba7,2fe11bb06f5c,12f52b8082a5,5cd33c6765b0,cce6ff48e14c,158f4d02301c,e20904613057,5ef73d1d1f3f,c5ba4598e453,60e9eb16e116,6d7f27752a73,60a6cef33e66,d8961c2c9645,973f8f1f8c1c,b4b94a55dcb7,6f2e3b1bb865,22b561dca2a6,460a9fbe420c,9325bf3b3b3c,a6dd0e3e99da,3364405965dd,079f07eff90d,18c89c6650df,3ac6a6283b61,abe0fd658e46,39d36262b975,57a29ea82eab,fbe246d94be1,3501a117ff03,82709234f3ae,30f1bceedef9,0c00981b7fcc,5a8dd269586d,39ef34061607,c502f4c87c2f,1b9aac5c2a01,df8f13518f35,47a82d15c1b5,2dbbb34ae9c4,a352cdce61ee,9c2bd6cf6188,e5ecc1e5dfc8,fab3a8a33440,a2964267afa4,7b4688178ef5,5ffb95a2f6db,289d9ebe7ca4,313af42985fa,26f59ad2c7d3,c3ba0d70f6af,bbc5e5c6dcee,10c735393131,b63a8c67ba9e,a63d5e6a099b,6eb6ff154c29,67741e4c9bd4,3c088a22309b,05ab5a4032d8,b11dba68bb9b,6d05ad4c0161,1082c4649be9,459ec69915fc,bdb257a2c22a,d24570561f92,4e133fbf3242,c38c7a6bd5cd,093ecefe44b1,811b5bf80a70,ec42c1d23c4c,beec0f7cd4b5,ef69870cab90,af05a4a45291,fcdfb72f35d4,e23c49f3fc75,b53989f9f656,e7495c52244b,a516142ed2e7,141e9862a970,54e5a78d6208,87c91b935c3a,cfd538172a55,7a47543a2790,429159f6980e,248f30423cee,db199dc4c30f,b421f8f639a0,4339ddbfea49,0619d999acf8,aa04a0050fea,78ddc895dba9,aa39eb56ab70,40993c215561,60204d92364d,f1388688c264,9f35ee2be135,11d290f56cf6,9b118f740cc8
2026-03-14T22:15:17.646Z [DEBUG] [Lingo.dev] Reloaded metadata: 0 entries
2026-03-14T22:15:17.654Z [INFO] [Lingo.dev] 🔄 Translating 107 hashes to en
2026-03-14T22:15:17.661Z [DEBUG] [Lingo.dev] 🔄 Hashes: 77ab38435db9, 2294209e28e1, 425008df0230, 0f33042ae1c1, 57697fde38d6, b30debe1774f, 7ce12b7afdac, 2b558d5fca0c, be2e07ff18a1, eaacdf8777f1, 40fa9a830ba7, 2fe11bb06f5c, 12f52b8082a5, 5cd33c6765b0, cce6ff48e14c, 158f4d02301c, e20904613057, 5ef73d1d1f3f, c5ba4598e453, 60e9eb16e116, 6d7f27752a73, 60a6cef33e66, d8961c2c9645, 973f8f1f8c1c, b4b94a55dcb7, 6f2e3b1bb865, 22b561dca2a6, 460a9fbe420c, 9325bf3b3b3c, a6dd0e3e99da, 3364405965dd, 079f07eff90d, 18c89c6650df, 3ac6a6283b61, abe0fd658e46, 39d36262b975, 57a29ea82eab, fbe246d94be1, 3501a117ff03, 82709234f3ae, 30f1bceedef9, 0c00981b7fcc, 5a8dd269586d, 39ef34061607, c502f4c87c2f, 1b9aac5c2a01, df8f13518f35, 47a82d15c1b5, 2dbbb34ae9c4, a352cdce61ee, 9c2bd6cf6188, e5ecc1e5dfc8, fab3a8a33440, a2964267afa4, 7b4688178ef5, 5ffb95a2f6db, 289d9ebe7ca4, 313af42985fa, 26f59ad2c7d3, c3ba0d70f6af, bbc5e5c6dcee, 10c735393131, b63a8c67ba9e, a63d5e6a099b, 6eb6ff154c29, 67741e4c9bd4, 3c088a22309b, 05ab5a4032d8, b11dba68bb9b, 6d05ad4c0161, 1082c4649be9, 459ec69915fc, bdb257a2c22a, d24570561f92, 4e133fbf3242, c38c7a6bd5cd, 093ecefe44b1, 811b5bf80a70, ec42c1d23c4c, beec0f7cd4b5, ef69870cab90, af05a4a45291, fcdfb72f35d4, e23c49f3fc75, b53989f9f656, e7495c52244b, a516142ed2e7, 141e9862a970, 54e5a78d6208, 87c91b935c3a, cfd538172a55, 7a47543a2790, 429159f6980e, 248f30423cee, db199dc4c30f, b421f8f639a0, 4339ddbfea49, 0619d999acf8, aa04a0050fea, 78ddc895dba9, aa39eb56ab70, 40993c215561, 60204d92364d, f1388688c264, 9f35ee2be135, 11d290f56cf6, 9b118f740cc8
2026-03-14T22:15:17.679Z [DEBUG] [Lingo.dev] [BUSY] Server is now busy (1 active)
2026-03-14T22:15:18.126Z [DEBUG] [Lingo.dev] [IDLE] Server is now idle
2026-03-14T22:15:32.554Z [DEBUG] [Lingo.dev] WebSocket client disconnected. Total clients: 0
